date,actual_price,mean_forecast,vol_forecast
1992-12-07,1.065,1.092144062958463,0.03326010020470792
1992-12-14,1.066,1.0830357297308777,0.03309347907477672
1992-12-21,1.061,1.0709487753601687,0.033029244502401606
1992-12-28,1.055,1.0690685262926773,0.03283814450612954
1993-01-04,1.055,1.065617185059767,0.03047764261624343
1993-01-11,1.062,1.062309066245422,0.03238742028807729
1993-01-18,1.053,1.0650032880194547,0.032269234340942594
1993-01-25,1.047,1.0597511813024958,0.03222468486240161
1993-02-01,1.042,1.05159428031349,0.032190265865846855
1993-02-08,1.048,1.0524654548275614,0.032041525215347165
1993-02-15,1.058,1.064454522977802,0.032005813261915865
1993-02-22,1.056,1.0529950436242517,0.012063443266909503
1993-03-01,1.057,1.0416530474480503,0.0263024904198337
1993-03-08,1.068,1.0370570564846129,0.047180339699396064
1993-03-15,1.079,1.048531462777652,0.03555913222942729
1993-03-22,1.079,1.0633901499735905,0.059561050178869056
1993-03-29,1.086,1.0597685303859419,0.04788225145493129
1993-04-05,1.086,1.0567125896423695,0.037682301627269585
1993-04-12,1.097,1.0727124811027835,0.03150534029987405
1993-04-19,1.106,1.0861615711912178,0.0376590497986971
1993-04-26,1.106,1.0835617300597848,0.04702614785704102
1993-05-03,1.107,1.089084431146759,0.031033264193278353
1993-05-10,1.104,1.0882512255885595,0.024494836872296748
1993-05-17,1.101,1.1008814948026417,0.03112074171457865
1993-05-24,1.095,1.1132185302594377,0.007263990342532025
1993-05-31,1.089,1.109064511652884,0.05141156112594481
1993-06-07,1.086,1.1073867901146193,0.04301904884674661
1993-06-14,1.081,1.1031313246493992,0.007937764560154527
1993-06-21,1.075,1.0988948395067692,0.03016819961190374
1993-06-28,1.069,1.09163302272815,0.041661042875973
1993-07-05,1.062,1.0847658391048582,0.02983768234120231
1993-07-12,1.06,1.082600965606935,0.029555367621176814
1993-07-19,1.059,1.0780331332209754,0.03214693607724992
1993-07-26,1.065,1.0710092498318549,0.030538052766247666
1993-08-02,1.062,1.0646469027501382,0.029244222752128256
1993-08-09,1.055,1.057330053463015,0.05302406719942985
1993-08-16,1.051,1.0567840890839326,0.029143571558760396
1993-08-23,1.045,1.0577353134079142,0.033634444626920106
1993-08-30,1.047,1.0670681658155075,0.029175999983569526
1993-09-06,1.092,1.062824624090481,0.0156860384586827
1993-09-13,1.09,1.0512146348371,0.030967801707430558
1993-09-20,1.093,1.0471723449890924,0.027469525261315443
1993-09-27,1.092,1.0413429457326775,0.030439520319089378
1993-10-04,1.084,1.0458024550145744,0.02036730112441281
1993-10-11,1.075,1.109893818795354,0.03631735216915847
1993-10-18,1.064,1.1044533564715353,0.036234498363252696
1993-10-25,1.058,1.0980732826907607,0.03323018917741647
1993-11-01,1.051,1.0942015457319965,0.03337862162213228
1993-11-08,1.036,1.08195547799027,0.031676354649715646
1993-11-15,1.018,1.0705768061498588,0.033273540470591834
1993-11-22,1.003,1.05719025549554,0.0302771284273386
1993-11-29,0.999,1.0524584953270808,0.029835657092091742
1993-12-06,0.992,1.0465673896547998,0.0058374351364028085
1993-12-13,0.995,1.0281290009016155,0.017417187419917678
1993-12-20,1.001,1.0071839728223344,0.026126608518722744
1993-12-27,0.999,0.9915580740817925,0.02854948642350292
1994-01-03,1.005,0.9930044170846086,0.025910483531115417
1994-01-10,1.007,0.9858124072681633,0.06675935100606602
1994-01-17,1.016,0.9940324178489273,0.016193701158529333
1994-01-24,1.009,1.004192870308336,0.02808315768864185
1994-01-31,1.004,1.0000258832062683,0.027928778284184698
1994-02-07,1.007,1.0066598388882033,0.03406668402157984
1994-02-14,1.005,1.0091874033502624,0.011766204583403854
1994-02-21,1.007,1.020044476051803,0.02733635660447936
1994-02-28,1.012,1.0084841193844443,0.03766505784066745
1994-03-07,1.011,1.000172151596701,0.02732103770255389
1994-03-14,1.028,1.0070955506994146,0.030350828590048343
1994-03-21,1.033,1.005122940801808,0.026992690698276547
1994-03-28,1.037,1.0071530002319424,0.04506561449942203
1994-04-04,1.04,1.0145454937782465,0.02684522757021964
1994-04-11,1.045,1.0120646770370074,0.027193831048855394
1994-04-18,1.046,1.0336259590025672,0.02166621103151246
1994-04-25,1.05,1.0387619448707657,0.02909271217024929
1994-05-02,1.056,1.0399616228533215,0.02689101304600482
1994-05-09,1.065,1.0423345844448868,0.03570783087552389
1994-05-16,1.073,1.04773266157633,0.02663020864747879
1994-05-23,1.079,1.0476924242012433,0.007756459869437143
1994-05-30,1.095,1.0517692263207998,0.014579120438620637
1994-06-06,1.097,1.059167047779003,0.04079121450220453
1994-06-13,1.103,1.0702355093626166,0.026911107118350694
1994-06-20,1.109,1.0788181890017878,0.10638326469192755
1994-06-27,1.114,1.0839136368157603,0.009649960621524832
1994-07-04,1.13,1.1037808121127899,0.03812781543002314
1994-07-11,1.157,1.1024951243277545,0.008622516993913696
1994-07-18,1.161,1.1058230016872477,0.02609329555276085
1994-07-25,1.165,1.1125864762052982,0.007375525280861377
1994-08-01,1.161,1.1174969350280877,0.017829087118413328
1994-08-08,1.156,1.1371780293869023,0.030937405751676937
1994-08-15,1.15,1.171352589823289,0.014166727931389496
1994-08-22,1.14,1.1714474990225812,0.03637611503017309
1994-08-29,1.129,1.1692685497425719,0.01586383076270136
1994-09-05,1.12,1.1603027502629049,0.01331599462165268
1994-09-12,1.114,1.1528799930084845,0.05580083402530979
1994-09-19,1.106,1.1459402775062426,0.025897086755748328
1994-09-26,1.107,1.134530061314898,0.16392342695840897
1994-10-03,1.121,1.1217122448494283,0.0018942351438090627
1994-10-10,1.123,1.1134736232725617,0.03155587829423882
1994-10-17,1.122,1.109226530279549,0.04202647905637557
1994-10-24,1.113,1.1011553596992276,0.011248271136207954
1994-10-31,1.105,1.10503150730078,0.03063906660390343
1994-11-07,1.103,1.125977273888081,0.020505421125816464
1994-11-14,1.095,1.1273274528599952,0.04063275510049846
1994-11-21,1.087,1.1220787156333438,0.019335357918323647
1994-11-28,1.077,1.1093473554819158,0.011785962836299502
1994-12-05,1.079,1.0994532504170476,0.026146657958257182
1994-12-12,1.086,1.0994987816640869,0.012046198264651597
1994-12-19,1.078,1.0911762169130061,0.008545816401180356
1994-12-26,1.083,1.0820200782978204,0.009586181417039381
1995-01-02,1.083,1.0708065734887695,0.033203945619385944
1995-01-09,1.076,1.0773793496105073,0.08841739702652492
1995-01-16,1.074,1.088845407264878,0.01091079277338912
1995-01-23,1.067,1.075705976496353,0.04212781455766092
1995-01-30,1.073,1.0830192211799115,0.040526704048061114
1995-02-06,1.076,1.0837929208270953,0.12861172368168244
1995-02-13,1.069,1.0739288830833569,0.101521209698953
1995-02-20,1.068,1.0713123907900364,0.0063154307097373
1995-02-27,1.075,1.06348716422926,0.00793746587810975
1995-03-06,1.087,1.073739158875347,0.015051879444349754
1995-03-13,1.103,1.0783361721421867,0.26077494420709274
1995-03-20,1.117,1.067885443487243,0.03786550202667347
1995-03-27,1.138,1.0666715187892377,0.0451302589850596
1995-04-03,1.148,1.0766194202547903,0.05379538088965115
1995-04-10,1.169,1.0925563784856887,0.01783183465310622
1995-04-17,1.179,1.111836570653384,0.03933698595550519
1995-04-24,1.197,1.1269992166867902,0.01660852295265992
1995-05-01,1.199,1.1503034345120153,0.011707337509389484
1995-05-08,1.199,1.1579935773272099,0.020310991200414377
1995-05-15,1.196,1.1802469663814281,0.011719019485642445
1995-05-22,1.189,1.1887262137717114,0.007105091685773516
1995-05-29,1.182,1.2071502786092836,0.028197181984033346
1995-06-05,1.175,1.205042673572977,0.9912656229487617
1995-06-12,1.165,1.2000987137184334,0.03589655778052489
1995-06-19,1.153,1.194560302759999,0.05085389084879466
1995-06-26,1.144,1.1852550201967818,0.01804084191508765
1995-07-03,1.132,1.1771674333362345,0.0436288553936286
1995-07-10,1.127,1.1701335613918373,2.0087380115185867
1995-07-17,1.125,1.1592228806579905,0.020642330339570494
1995-07-24,1.124,1.1456028585845115,0.019912368129585484
1995-07-31,1.117,1.1368131192314783,0.03541164768021404
1995-08-07,1.113,1.1246078304132694,0.023519168116320276
1995-08-14,1.111,1.1215392502865373,0.05758549993307467
1995-08-21,1.11,1.1226058945490465,0.029486979769411104
1995-08-28,1.109,1.1232227451718535,0.0258327685055355
1995-09-04,1.105,1.1144165442884468,0.019267040194602965
1995-09-11,1.097,1.109781493925613,0.021147551995455593
1995-09-18,1.087,1.108744001889091,0.039790777747174697
1995-09-25,1.079,1.108990092675041,0.046796541019826436
1995-10-02,1.068,1.1084185935774016,0.07822686403895673
1995-10-09,1.065,1.1032987047891467,0.05885443125682842
1995-10-16,1.063,1.092929667072183,0.053569215072815445
1995-10-23,1.06,1.0808118091582959,0.04229934387027291
1995-10-30,1.061,1.072790216577975,0.0278210507816203
1995-11-06,1.062,1.0613216219461115,0.022201202545818203
1995-11-13,1.063,1.0606031217208174,0.062180260448970445
1995-11-20,1.078,1.0611109104552527,0.029996365510567675
1995-11-27,1.082,1.0585402094506928,0.01774569649966151
1995-12-04,1.083,1.06062584946571,0.04916823195374525
1995-12-11,1.093,1.0625981915159195,0.006755319226188466
1995-12-18,1.098,1.0637939302163162,0.006610318578374819
1995-12-25,1.091,1.0840524686961468,0.013879895380190865
1996-01-01,1.087,1.0879769280026088,0.5659107700298001
1996-01-08,1.083,1.0853123983363306,0.022418448679725443
1996-01-15,1.08,1.0968713643982944,0.060262266601875066
1996-01-22,1.087,1.102256693669838,0.01635445110788155
1996-01-29,1.107,1.0904893374791893,0.02526460923892484
1996-02-05,1.124,1.0834389573163452,0.023033265850150867
1996-02-12,1.125,1.0797158015030819,0.006748438899042767
1996-02-19,1.135,1.0776919114556904,0.0368843544779011
1996-02-26,1.164,1.0885333250719114,0.0190802565313951
1996-03-04,1.178,1.1169840999625908,0.053798160909672745
1996-03-11,1.204,1.1367296780795062,0.028572563445001108
1996-03-18,1.242,1.1310315585194541,0.026585334932660822
1996-03-25,1.256,1.139566333426124,0.05950801204549534
1996-04-01,1.273,1.1775327520039822,0.0647064402192728
1996-04-08,1.275,1.1915726268868545,0.026156321763984688
1996-04-15,1.277,1.2194951805611018,0.032313113805457996
1996-04-22,1.285,1.2651524089365107,0.025932784037468952
1996-04-29,1.275,1.2732419273982836,0.024797938428000675
1996-05-06,1.269,1.2854184748443924,0.006849224398008995
1996-05-13,1.262,1.2805478853295578,0.02383223068895387
1996-05-20,1.258,1.2785712209044608,0.021328345332234603
1996-05-27,1.245,1.2882270469084185,0.08663577713745822
1996-06-03,1.234,1.273300139251355,0.04177103084684463
1996-06-10,1.231,1.2642511075022895,0.032155796910432764
1996-06-17,1.228,1.2568532974382576,0.0189163419302973
1996-06-24,1.227,1.2541692198321939,0.006959496581468901
1996-07-01,1.218,1.2386736877555318,0.029870614659059568
1996-07-08,1.207,1.2261491485975762,0.00798077939741475
1996-07-15,1.203,1.2260797867236106,0.04032637433153185
1996-07-22,1.205,1.2256028959284908,0.12086178687391665
1996-07-29,1.209,1.225964105386028,0.06015588021778063
1996-08-05,1.197,1.214278159210428,0.016320491832552356
1996-08-12,1.203,1.200097499463135,0.02829585715543161
1996-08-19,1.206,1.197901501594143,0.0179832791677987
1996-08-26,1.206,1.2041355357614036,0.018348426025332456
1996-09-02,1.2,1.2111255150848947,0.01781191999345402
1996-09-09,1.194,1.1936716545343005,0.06092604597317033
1996-09-16,1.203,1.202265187345247,0.007582722106848335
1996-09-23,1.204,1.2080710350147945,0.018814304901743052
1996-09-30,1.215,1.2072476381553598,0.007064418006299729
1996-10-07,1.223,1.1979201943469853,0.04232646436872343
1996-10-14,1.226,1.1899458162464613,0.04332403536627059
1996-10-21,1.236,1.2044074013726944,0.03061137622163098
1996-10-28,1.244,1.206429626970591,0.025468002153211013
1996-11-04,1.241,1.220172769602486,0.009843202048969981
1996-11-11,1.241,1.2291710354197587,0.006982164226635226
1996-11-18,1.236,1.2298520852443697,0.06090363311131388
1996-11-25,1.231,1.241021564617395,0.007605000600576597
1996-12-02,1.227,1.2498718874776111,0.023102223025333744
1996-12-09,1.225,1.2425369407355955,0.017979173530783106
1996-12-16,1.241,1.240572784506335,0.00692361645861842
1996-12-23,1.241,1.2337271110981116,0.048259973751605886
1996-12-30,1.238,1.2276174860666693,0.017401147281427463
1997-01-06,1.236,1.2238269115977771,0.024403581085697557
1997-01-13,1.234,1.2228677558578145,0.03840406825314631
1997-01-20,1.227,1.2464689725769609,0.04844130289088142
1997-01-27,1.223,1.2452458996957383,0.008370943303713522
1997-02-03,1.215,1.2378516376634159,0.015369856271896125
1997-02-10,1.206,1.2343500203849376,0.007094583869713481
1997-02-17,1.2,1.2323443069485758,0.0061969826411015765
1997-02-24,1.204,1.223615492858244,0.03358972901277342
1997-03-03,1.2,1.2195282786657695,0.021595845808490433
1997-03-10,1.203,1.2104513168982933,0.02193642155534745
1997-03-17,1.199,1.200139498607323,0.013251062027360896
1997-03-24,1.199,1.1948749621768142,0.04212438214593004
1997-03-31,1.195,1.2035048816275213,0.01693491900939298
1997-04-07,1.193,1.1993669024045603,0.034405131932219224
1997-04-14,1.193,1.2034773650321442,0.05001485590196161
1997-04-21,1.203,1.1980736004190309,0.031689179745385064
1997-04-28,1.212,1.1981079538025854,0.09497933553219212
1997-05-05,1.215,1.1932474711545957,0.050052338608476986
1997-05-12,1.207,1.1911627818169228,0.0344959255191858
1997-05-19,1.198,1.1922508225780581,0.04517265761413755
1997-05-26,1.187,1.206777026924703,0.04649893615342669
1997-06-02,1.181,1.2182629909821086,0.03887764543180221
1997-06-09,1.177,1.2192197624027263,0.01669632427036838
1997-06-16,1.173,1.2050408613465973,0.060373014748759994
1997-06-23,1.177,1.1923154653503842,0.04953095251320003
1997-06-30,1.17,1.1797240155321842,0.022789417724308536
1997-07-07,1.193,1.1752605011125785,0.054465115510331445
1997-07-14,1.228,1.173451038426826,0.023359528775611753
1997-07-21,1.229,1.170307792971237,0.006779456817869695
1997-07-28,1.244,1.1775162272516133,0.024171053360449245
1997-08-04,1.243,1.1681883471887877,0.04366874772210283
1997-08-11,1.243,1.2002290570640288,0.0950761849075545
1997-08-18,1.236,1.24758699540903,0.04299525096260641
1997-08-25,1.225,1.2394133343343514,0.025458089573218073
1997-09-01,1.21,1.2518833602056298,0.024559462470685103
1997-09-08,1.209,1.2459845790194333,0.10987544692050624
1997-09-15,1.203,1.2431283090491907,0.015093493341849763
1997-09-22,1.193,1.232970551065016,0.023306251823308945
1997-09-29,1.182,1.2187639385118656,0.008574222192715393
1997-10-06,1.176,1.2008854088946135,0.03618972073181725
1997-10-13,1.177,1.2045546108630805,0.09569354783967914
1997-10-20,1.168,1.1998775774050063,0.006770006472835308
1997-10-27,1.162,1.187832392256963,0.02981167025725949
1997-11-03,1.152,1.1749541144567834,0.038063890682390814
1997-11-10,1.141,1.1703926669931874,0.02655332955216534
1997-11-17,1.131,1.1755571273196666,0.03002141045895998
1997-11-24,1.121,1.1646201553056037,0.07659070332630366
1997-12-01,1.112,1.1575453238527709,0.03707575406261228
1997-12-08,1.102,1.1461599463136447,0.029535405075545106
1997-12-15,1.094,1.1338513928135574,0.05347805885848529
1997-12-22,1.083,1.123833973546079,0.031517733080676576
1997-12-29,1.066,1.1141318390742936,0.01962349915034861
1998-01-05,1.061,1.1055633782462877,0.03540884660634877
1998-01-12,1.053,1.0954349380544617,0.019032486083533973
1998-01-19,1.038,1.087990319980474,0.04275123104899399
1998-01-26,1.044,1.0762891811890718,0.04038047501350586
1998-02-02,1.028,1.0560989545278847,0.014814664744918932
1998-02-09,1.018,1.054241700424026,0.0019237017677124959
1998-02-16,1.008,1.0478402508177505,0.01982925970996837
1998-02-23,1.0,1.0299527963719304,0.3392211671542046
1998-03-02,1.03,1.0422539229068173,0.04521908477374004
1998-03-09,1.028,1.0228952347389817,0.029598762814893802
1998-03-16,1.025,1.0104795495128533,0.020982668910538283
1998-03-23,1.028,1.0006172374842675,0.016558455160643176
1998-03-30,1.04,0.9937791666953231,0.057599026533621166
1998-04-06,1.049,1.0389662759657727,0.02324194892427629
1998-04-13,1.063,1.035258287493532,0.011005431953851234
1998-04-20,1.072,1.0252403169673,0.1301754049703263
1998-04-27,1.07,1.028121955212981,0.06891374920391245
1998-05-04,1.066,1.0448348944446624,0.011520591149400619
1998-05-11,1.075,1.055578459045268,0.01472643310992327
1998-05-18,1.066,1.0713120267958356,0.10005442802324718
1998-05-25,1.058,1.0793735867240752,0.020996015322940605
1998-06-01,1.057,1.0725862260288623,0.3282104961953416
1998-06-08,1.058,1.0642947208585454,0.020943293798652077
1998-06-15,1.054,1.0771653221543074,0.040126393108696215
1998-06-22,1.059,1.0646513016792112,0.021477466625697522
1998-06-29,1.05,1.0532489335234172,0.018699301980808204
1998-07-06,1.039,1.0541077778387913,0.08177180212441403
1998-07-13,1.033,1.0576053912116379,0.007749420672210203
1998-07-20,1.026,1.0527724681716089,0.0203066974399066
1998-07-27,1.019,1.0599704931153904,0.004846121015730362
1998-08-03,1.013,1.0477984658032522,0.025616176853807637
1998-08-10,1.007,1.032946354880688,0.04442483950384205
1998-08-17,1.002,1.0274345962397298,0.15580562000614367
1998-08-24,1.014,1.0211830962534996,0.006836955222418016
1998-08-31,1.014,1.0143293424129078,0.009940798101138439
1998-09-07,1.019,1.0086372843481703,0.05589663676898037
1998-09-14,1.022,1.0028814145739038,0.05126453396038971
1998-09-21,1.019,0.9983681465497003,0.0066149622246471605
1998-09-28,1.015,1.0169517529186416,0.042891027274590245
1998-10-05,1.01,1.0167863553131125,0.0617345682615559
1998-10-12,1.008,1.0216668330155194,0.018836493564351096
1998-10-19,0.996,1.0242728057522887,0.007013445252136422
1998-10-26,0.989,1.0189003632010518,0.04146374679109994
1998-11-02,0.974,1.0128564009647427,0.10580565150882486
1998-11-09,0.954,1.006865444553643,0.14629749446859774
1998-11-16,0.945,1.0060120206937806,0.04951201184316852
1998-11-23,0.944,0.9907977950039615,0.01967812770750484
1998-11-30,0.937,0.9832752746369684,0.007166764726236906
1998-12-07,0.935,0.9659605977457507,0.5633831238612348
1998-12-14,0.941,0.9422654727818031,0.14064814959139357
1998-12-21,0.944,0.9357210522484976,0.029880913668085166
1998-12-28,0.936,0.9403369235398817,0.06272634624798862
1999-01-04,0.929,0.9337849664551521,0.06498728351249179
1999-01-11,0.927,0.9326196601566683,0.12966811901420816
1999-01-18,0.919,0.9425040687003421,0.009447051626690583
1999-01-25,0.907,0.9466094727323534,0.007122290431001821
1999-02-01,0.913,0.9342040706760081,0.05768775537187924
1999-02-08,0.921,0.924489321329969,0.012579314272460876
1999-02-15,0.977,0.9239372945134147,0.007141987514267616
1999-02-22,1.017,0.9150377838713025,0.016176470911312545
1999-03-01,1.082,0.9003305624734023,0.01640006328549588
1999-03-08,1.118,0.9117575513272466,0.06745426631397838
1999-03-15,1.14,0.9248904332648837,0.06564104769559989
1999-03-22,1.135,1.0022214434081032,0.03308514714003038
1999-03-29,1.131,1.0446636616121954,0.05285560137748151
1999-04-05,1.136,1.1221426743887712,0.036839967550743605
1999-04-12,1.14,1.1507503698157435,0.04326560424833534
1999-04-19,1.14,1.158657648673935,0.027049272946584574
1999-04-26,1.126,1.1376349776118189,0.029095931823779134
1999-05-03,1.111,1.1280553614222897,0.07359332262014558
1999-05-10,1.112,1.137427916613219,0.033130010407128305
1999-05-17,1.108,1.142940795649659,0.05634179752491379
1999-05-24,1.124,1.140874911968351,0.04612121187799001
1999-05-31,1.113,1.1195275871888015,0.03645565288131544
1999-06-07,1.125,1.101001547929195,0.008795379501337998
1999-06-14,1.143,1.1092510292971987,0.8353080707269102
1999-06-21,1.169,1.1063623799573465,0.007737677836052348
1999-06-28,1.193,1.1305118818532855,0.023425028115952373
1999-07-05,1.195,1.111565259052225,0.08502056793016445
1999-07-12,1.206,1.1278369823778704,0.05142298355836174
1999-07-19,1.236,1.1538243287865557,0.013411131552715661
1999-07-26,1.234,1.1849056119773262,0.030928701461463443
1999-08-02,1.233,1.2098670629364894,0.034697708004369034
1999-08-09,1.242,1.2011795863702912,0.012370849641666562
1999-08-16,1.25,1.2114569589607653,0.009024241472313536
1999-08-23,1.268,1.2522638387258707,0.02903140045730023
1999-08-30,1.262,1.2402755205382732,0.022961501727962068
1999-09-06,1.255,1.2321111540852177,0.021981896642999082
1999-09-13,1.249,1.2458705989314036,0.032422596086864715
1999-09-20,1.236,1.2555889261667927,0.011797325609451563
1999-09-27,1.237,1.277865720050387,0.05055710074550411
1999-10-04,1.23,1.263576708911692,0.06445686144323916
1999-10-11,1.233,1.2505158960348457,0.06162031092531395
1999-10-18,1.251,1.244741071029837,0.03730812458931931
1999-10-25,1.269,1.2287989648453563,0.03437610908477925
1999-11-01,1.274,1.2346498326289221,0.058178078584255805
1999-11-08,1.273,1.2270545607864827,0.007888456444331192
1999-11-15,1.275,1.2328283476359354,0.0684663726237495
1999-11-22,1.269,1.2598077991448215,0.020221640405836672
1999-11-29,1.273,1.2810563111223898,0.01967253264304763
1999-12-06,1.272,1.2803376552910237,0.04614983162391024
1999-12-13,1.264,1.2735886306942557,0.03684933066541282
1999-12-20,1.277,1.275667144314129,0.0073858963093932474
1999-12-27,1.315,1.2667666089974645,0.018382132934705774
2000-01-03,1.316,1.273558345743364,0.007869101904058252
2000-01-10,1.325,1.272455854708266,0.04438884604329152
2000-01-17,1.356,1.2601469602966773,0.027722401618939584
2000-01-24,1.406,1.2811932783161666,0.013457361285579039
2000-01-31,1.421,1.3348931428027124,0.025384835991579296
2000-02-07,1.501,1.324005869905388,0.026849379926057425
2000-02-14,1.527,1.3298847812948427,0.30573139141880146
2000-02-21,1.529,1.3719895192115539,0.0333412536856609
2000-02-28,1.508,1.4358974262822246,0.10790691498562609
2000-03-06,1.503,1.4376869853235197,0.04240641437019055
2000-03-13,1.475,1.5406825158474984,0.08111479027512446
2000-03-20,1.444,1.5586890281325707,0.025545952342143418
2000-03-27,1.437,1.5390917100993728,0.039407746984675654
2000-04-03,1.42,1.499028617944427,0.024081318362831578
2000-04-10,1.455,1.4963949471925169,0.012522683421431827
2000-04-17,1.492,1.4615247099167512,0.017838835833802764
2000-04-24,1.527,1.424075728079802,0.016459424463899447
2000-05-01,1.54,1.4273674537203986,0.05317085101917587
2000-05-08,1.563,1.4109262293034057,0.010349362464756302
2000-05-15,1.631,1.466571180424529,0.05007738680283304
2000-05-22,1.681,1.5158159669868523,0.049715911419627404
2000-05-29,1.658,1.550534145641323,0.028300292032145808
2000-06-05,1.625,1.5528910923395465,0.03808458507197891
2000-06-12,1.593,1.5761113791253198,0.04906122332523879
2000-06-19,1.546,1.6676607555538165,0.07136290384282326
2000-06-26,1.52,1.7187527323858838,0.02769316343370836
2000-07-03,1.471,1.6552083857622424,0.0941416924636645
2000-07-10,1.462,1.6056274587507673,0.03279322761653563
2000-07-17,1.447,1.5726489021607686,0.03960122785039648
2000-07-24,1.468,1.5178205524122614,0.10111582953073207
2000-07-31,1.481,1.5003883619713576,0.014417822544394329
2000-08-07,1.53,1.4409440625447902,0.04133921414387441
2000-08-14,1.561,1.4498021473425637,0.03241536505870009
2000-08-21,1.562,1.4387383068491635,0.06627823737234625
2000-08-28,1.548,1.475949097526081,0.11324639383707645
2000-09-04,1.524,1.4905685958482018,0.05479801770333931
2000-09-11,1.502,1.5561371487598898,0.03065743058448091
2000-09-18,1.539,1.583867470729616,0.03987885289311461
2000-09-25,1.551,1.56688433962349,0.030160313470704362
2000-10-02,1.545,1.5410267841323924,0.025380854836931782
2000-10-09,1.526,1.5098941127757115,0.005010479627817566
2000-10-16,1.523,1.4875717324344462,0.07534231144893809
2000-10-23,1.51,1.5550789770849227,0.03579132342077818
2000-10-30,1.51,1.5616510535321795,0.045794270706647384
2000-11-06,1.486,1.5430475993282575,0.031004885289824497
2000-11-13,1.449,1.5155594353784863,0.034118122819081644
2000-11-20,1.422,1.5195654457391143,0.01541854232295976
2000-11-27,1.414,1.502875727765523,0.013149287892714736
2000-12-04,1.406,1.5086083459388022,0.011180141338180776
2000-12-11,1.425,1.473586623282367,0.034446777570263196
2000-12-18,1.474,1.4270710605843548,0.02023986430064611
2000-12-25,1.471,1.4039810502933638,0.2615008290599836
2001-01-01,1.46,1.4071343347874525,0.2947095196124137
2001-01-08,1.443,1.401037046230069,0.04543887853663489
2001-01-15,1.476,1.4340922278277417,0.028129694229307067
2001-01-22,1.449,1.5048646621957902,0.03780320157295496
2001-01-29,1.431,1.4777304348525553,0.03244146414217678
2001-02-05,1.417,1.4523809892056192,0.027566104670697054
2001-02-12,1.412,1.4334799682359685,0.012700660721813143
2001-02-19,1.404,1.4922988684157492,0.03916727776105239
2001-02-26,1.404,1.439953255767083,0.04434747348745687
2001-03-05,1.442,1.419306898679459,0.018539622316016677
2001-03-12,1.5,1.4079424566440308,0.02904291388267302
2001-03-19,1.571,1.4087049459556487,0.06604378979412835
2001-03-26,1.619,1.400456658776955,0.028684373253592146
2001-04-02,1.626,1.404071530583299,0.05938627923013997
2001-04-09,1.703,1.4611173075383643,0.0387212426186224
2001-04-16,1.713,1.5328434647634737,0.06113513889666948
2001-04-23,1.687,1.6160287377613414,0.20985425513053882
2001-04-30,1.704,1.650118332459001,0.02493809514957288
2001-05-07,1.679,1.6300243761689897,0.058722414939811944
2001-05-14,1.647,1.7440537607370274,0.06522995264914433
2001-05-21,1.601,1.7265299499273148,0.029002855468963883
2001-05-28,1.538,1.6744621297137845,0.3231731840182995
2001-06-04,1.474,1.710271667933582,0.04087235443316015
2001-06-11,1.437,1.668483957807867,0.041613638397988206
2001-06-18,1.413,1.6288404435185473,0.04766385748635832
2001-06-25,1.395,1.5748954045577703,0.02421432722102084
2001-07-02,1.384,1.5011369337040137,0.03208377179344182
2001-07-09,1.376,1.4340098559502354,0.025772962728611813
2001-07-16,1.392,1.4111993380563002,0.08380258594187545
2001-07-23,1.427,1.3967484812425492,0.020181485786129407
2001-07-30,1.488,1.3831792678516286,0.09577914410330096
2001-08-06,1.545,1.3764333519866911,0.07792941524226298
2001-08-13,1.527,1.3707069463207613,0.02610397370664164
2001-08-20,1.529,1.3995970043227526,0.059147195210668455
2001-08-27,1.485,1.4470449480000402,0.06287772660841938
2001-09-03,1.416,1.5242201543471312,0.04298116575739594
2001-09-10,1.352,1.5819652414942178,0.1224800090394303
2001-09-17,1.309,1.5215351729334097,0.04261636030900341
2001-09-24,1.265,1.5286373066941168,0.046490407583674453
2001-10-01,1.235,1.462332371817316,0.0648922453867045
2001-10-08,1.206,1.3741816764355446,0.06484501506951514
2001-10-15,1.182,1.3100473611839454,0.02846583104460274
2001-10-22,1.167,1.2806720301256111,0.0982214797866392
2001-10-29,1.127,1.238355440457338,0.03421885857326871
2001-11-05,1.108,1.2246032924619168,0.012643241294979648
2001-11-12,1.095,1.1879875163171056,0.01876349699534453
2001-11-19,1.059,1.1664383849875402,0.019753100996077487
2001-11-26,1.072,1.1568615342364756,0.10610829523275737
2001-12-03,1.096,1.1060302189940017,0.05210563258698144
2001-12-10,1.112,1.0973157489568184,0.09051712745718037
2001-12-17,1.111,1.089494240520545,0.07100165595345803
2001-12-24,1.105,1.0438042111250516,0.03977039401801993
2001-12-31,1.101,1.080972468025553,0.10921705138514637
2002-01-07,1.116,1.1149430026616347,0.009977569471384054
2002-01-14,1.107,1.1300153455824713,0.13264201051256544
2002-01-21,1.116,1.1115518953170958,0.03327748507723104
2002-01-28,1.116,1.1015600375521626,0.021097579273448616
2002-02-04,1.144,1.1026883423584992,0.013103032880010756
2002-02-11,1.223,1.1240493986418827,0.0421928440743495
2002-02-18,1.288,1.1076405420077606,0.08281870061747325
2002-02-25,1.342,1.1238025201157826,0.07143184022257454
2002-03-04,1.371,1.1199507903327577,0.04792184745664608
2002-03-11,1.413,1.1590725961251107,0.03304704591104979
2002-03-18,1.404,1.270322138971377,0.024244311852751284
2002-03-25,1.404,1.3318099334080185,0.025867630472812927
2002-04-01,1.393,1.3795029114085589,0.025177361700071062
2002-04-08,1.395,1.3920815902295969,0.01801911569688634
2002-04-15,1.388,1.4398127048061573,0.06804890352911293
2002-04-22,1.397,1.401739400884103,0.05303739353512401
2002-04-29,1.387,1.4010781031505748,0.07709155875815185
2002-05-06,1.392,1.3866841790643887,0.023570520714773047
2002-05-13,1.375,1.3943091128523812,0.01643243337886441
2002-05-20,1.378,1.383184820711643,0.03970499450938682
2002-05-27,1.384,1.4015004205877821,0.02250662797366174
2002-06-03,1.392,1.3812144881909583,0.023906572981651095
2002-06-10,1.382,1.393376241856933,0.04912885510733236
2002-06-17,1.394,1.364929361855931,0.02368070228050792
2002-06-24,1.41,1.3774942745810657,0.02161055156904606
2002-07-01,1.407,1.3868314078182922,0.04731017022161928
2002-07-08,1.395,1.3963990159235384,0.0865743703684093
2002-07-15,1.393,1.3774764092556018,0.01734557836167678
2002-07-22,1.392,1.399029114199016,0.10502625850083815
2002-07-29,1.403,1.4208110286040971,0.03356814683126896
2002-08-05,1.394,1.4073182718087507,0.09757101198496404
2002-08-12,1.395,1.3879725004171513,0.07377416669095505
2002-08-19,1.401,1.388444504943924,0.08034643887058729
2002-08-26,1.395,1.391729994137566,0.0755415797459855
2002-09-02,1.413,1.4092350819453512,0.06911919962807736
2002-09-09,1.439,1.3905757095267148,0.02680950837456349
2002-09-16,1.44,1.3942651123342165,0.07842772254396499
2002-09-23,1.458,1.404403707863969,0.1906334101164091
2002-09-30,1.444,1.3925602169304294,0.06648775452854662
2002-10-07,1.448,1.42179230048655,0.040369412475976085
2002-10-14,1.439,1.455934578268368,0.043410690849530406
2002-10-21,1.409,1.4435198779371268,0.06959324074282056
2002-10-28,1.38,1.4667504871651122,0.04037825995551328
2002-11-04,1.364,1.436594057891693,0.05039372980014231
2002-11-11,1.36,1.4479106488480136,0.03419614246345916
2002-11-18,1.363,1.4330267910290808,0.014790877538337998
2002-11-25,1.401,1.3907981078486817,0.04642014910902786
2002-12-02,1.441,1.3591144779868554,0.0682719962521294
2002-12-09,1.444,1.3518685910600183,0.0663729052623611
2002-12-16,1.454,1.3557013951360697,0.01194679835077412
2002-12-23,1.459,1.3627609279520871,0.011261802073474401
2002-12-30,1.473,1.422380793798708,0.03700230205313659
2003-01-06,1.527,1.4683454986345608,0.07838782429806634
2003-01-13,1.607,1.448831349791934,0.02628049753017171
2003-01-20,1.66,1.459466520713316,0.07054871823896115
2003-01-27,1.658,1.4616625037124606,0.06254859296133554
2003-02-03,1.686,1.4760511874863664,0.03144964193252826
2003-02-10,1.712,1.5562659895792752,0.0699032626108397
2003-02-17,1.728,1.6560980600923054,0.04262101145890856
2003-02-24,1.69,1.6955104642854442,0.03580310591737907
2003-03-03,1.649,1.6603590557231427,0.03511689514435695
2003-03-10,1.63,1.7018945455975971,0.06831216859412859
2003-03-17,1.595,1.729103502101518,0.028519882670599975
2003-03-24,1.574,1.7391912333417567,0.07376048806688479
2003-03-31,1.557,1.6692625236903502,0.033657673516870615
2003-04-07,1.513,1.6226723537901107,0.04551119602626523
2003-04-14,1.491,1.618199769215098,0.054137268458393395
2003-04-21,1.498,1.5733610802360662,0.03777650688871195
2003-04-28,1.487,1.5594425303241526,0.05556475242979575
2003-05-05,1.473,1.5456901665838199,0.04721238603191799
2003-05-12,1.49,1.486161244421957,0.07083362630661517
2003-05-19,1.518,1.4750938640247298,0.06357070451803484
2003-05-26,1.496,1.5006429592889752,0.0788417325215729
2003-06-02,1.487,1.4810937749067397,0.06881590982497458
2003-06-09,1.489,1.4641255245381684,0.06861227888101057
2003-06-16,1.521,1.4989204490055694,0.036021123618264705
2003-06-23,1.524,1.5354090778605762,0.02898851633914563
2003-06-30,1.516,1.4850468499945566,0.08220616615793425
2003-07-07,1.536,1.480403427789296,0.2847142704126772
2003-07-14,1.571,1.4895931509956242,0.08460207171300861
2003-07-21,1.627,1.5407272518599926,0.04437460975089618
2003-07-28,1.747,1.5258419304682358,0.048912677249228195
2003-08-04,1.746,1.5110893053808252,0.027468572118966878
2003-08-11,1.717,1.5482581847010293,0.0643050007065331
2003-08-18,1.697,1.5925350697570344,0.03101375355938165
2003-08-25,1.643,1.6617747365784035,0.02820339265840002
2003-09-01,1.591,1.824215336690279,0.0932308499936443
2003-09-08,1.573,1.7534863617826417,0.04406405603069518
2003-09-15,1.568,1.6995337714818954,0.04514292705179614
2003-09-22,1.571,1.684955554404746,0.04836545478262502
2003-09-29,1.542,1.6099665029372026,0.03641305001626751
2003-10-06,1.535,1.558955327556883,0.07025489908505304
2003-10-13,1.504,1.561963723219416,0.055394740791736924
2003-10-20,1.497,1.5649368697771442,0.021331995021586572
2003-10-27,1.512,1.5728370615057052,0.1639731177317237
2003-11-03,1.49,1.5242594957698388,0.08245518404212504
2003-11-10,1.476,1.530726946594764,0.26444669740925625
2003-11-17,1.465,1.485054201665159,0.046107497291937846
2003-11-24,1.485,1.4927384274881563,0.022940184047132786
2003-12-01,1.478,1.5211214779573268,0.026251092558501454
2003-12-08,1.51,1.4766848859353734,0.040602804122669714
2003-12-15,1.56,1.4675135727431254,0.019964892864845825
2003-12-22,1.595,1.4583312973999583,0.12655531147435994
2003-12-29,1.622,1.4971041423747729,0.018687144745770493
2004-01-05,1.616,1.473775353989441,0.05390466952660503
2004-01-12,1.638,1.529282608413071,0.06224526724180235
2004-01-19,1.648,1.590341224775516,0.08167572360256921
2004-01-26,1.688,1.6162746317809051,0.03846394944694886
2004-02-02,1.717,1.638432760482651,0.05825443755769624
2004-02-09,1.738,1.612360641276403,0.06678764265216325
2004-02-16,1.724,1.6513296921001095,0.08873478107164574
2004-02-23,1.743,1.6540571536689106,0.0686566835543642
2004-03-01,1.758,1.7122871108676307,0.05596424213114515
2004-03-08,1.78,1.7346315620807986,0.022085758132590075
2004-03-15,1.786,1.7507754911748135,0.09308141458769409
2004-03-22,1.813,1.7155142647369113,0.04940304335438188
2004-03-29,1.812,1.7544876423823672,0.24781305563454437
2004-04-05,1.844,1.7670788473541712,0.019542400913636803
2004-04-12,1.941,1.7933327317099301,0.017716522874585038
2004-04-19,2.017,1.789632171345096,0.03216054049724109
2004-04-26,2.064,1.8293592440776907,0.020865411384098823
2004-05-03,2.051,1.8113959779405828,0.06096263998368049
2004-05-10,2.034,1.8633239931516845,0.07418670933114561
2004-05-17,1.985,2.0005524683925096,0.07913871960294214
2004-05-24,1.937,2.064125966785131,0.033623645161016465
2004-05-31,1.921,2.0931380349217754,0.03609003012398308
2004-06-07,1.895,2.0430389737516124,0.04366155393904831
2004-06-14,1.917,2.023586609540211,0.07747476725413045
2004-06-21,1.928,1.954839374010514,0.07774050633959634
2004-06-28,1.905,1.9072984282290175,0.026559971901033617
2004-07-05,1.888,1.9111396346169103,0.08468895869244907
2004-07-12,1.877,1.8789525863527767,0.018887946986135305
2004-07-19,1.875,1.9304921946519151,0.03886518685122425
2004-07-26,1.884,1.934732590578383,0.061226474461428995
2004-08-02,1.866,1.8909218122899574,0.0330620491219041
2004-08-09,1.85,1.8775905211134791,0.02046032823817795
2004-08-16,1.846,1.8702629882423742,0.1293444755204853
2004-08-23,1.866,1.8737755522246966,0.03949176459682016
2004-08-30,1.917,1.889508838646439,0.01289404674071263
2004-09-06,1.938,1.8549990269857555,0.02551639438916109
2004-09-13,1.993,1.8402189138835938,0.015180976077407744
2004-09-20,2.035,1.843556474364758,0.0656779047276907
2004-09-27,2.032,1.8782106229948252,0.054262966057488496
2004-10-04,2.034,1.9482789397762639,0.6036721070422959
2004-10-11,2.001,1.9508427518271327,0.02696658604393904
2004-10-18,1.969,2.0267757078636,0.04499217287074804
2004-10-25,1.948,2.0609026663157968,0.034985570038044145
2004-11-01,1.945,2.030162902084455,0.028293562168431423
2004-11-08,1.911,2.0352245883284117,0.03517746159526344
2004-11-15,1.847,1.9808051136701372,0.08701641340322043
2004-11-22,1.815,1.9493695854890483,0.04041418944959389
2004-11-29,1.791,1.9351152622776528,0.013547193373056337
2004-12-06,1.778,1.9431618168498386,0.04733590247630074
2004-12-13,1.793,1.8901604804671746,0.023957965181623273
2004-12-20,1.819,1.8074192792817168,0.03816247496895607
2004-12-27,1.853,1.7952654919001516,0.026327782936849425
2005-01-03,1.911,1.7761804003237516,0.05311848831244171
2005-01-10,1.909,1.769971087554292,0.0728119280391314
2005-01-17,1.898,1.8022492486634585,0.029324612640090463
2005-01-24,1.905,1.8350548384156926,0.07791300925028927
2005-01-31,1.928,1.8740519766997825,0.027787526342036056
2005-02-07,1.999,1.9471626821119596,0.028566978721624364
2005-02-14,2.056,1.9077676983936556,2.2563363098128804
2005-02-21,2.109,1.8912214460592351,0.046575485990649555
2005-02-28,2.153,1.9093106241078466,0.06961668255763857
2005-03-07,2.217,1.9421756259997773,0.08672939139586963
2005-03-14,2.28,2.0430790327547035,0.05171658467885458
2005-03-21,2.237,2.0914988620170143,0.11132320120175387
2005-03-28,2.236,2.1422156682852416,0.057464973458312724
2005-04-04,2.235,2.1806124322897347,0.03155379956595607
2005-04-11,2.186,2.257517107360803,0.030637386482364182
2005-04-18,2.163,2.3201923152954955,0.026960243976742692
2005-04-25,2.125,2.210309514157521,0.08691609512007122
2005-05-02,2.097,2.2353826121322022,0.027117709599879688
2005-05-09,2.116,2.234382988129826,0.046707913099442895
2005-05-16,2.13,2.1557331905417887,0.041869624145933884
2005-05-23,2.161,2.1488189136450107,0.015849510580983193
2005-05-30,2.215,2.101504491968135,0.04525019882572695
2005-06-06,2.226,2.0796737832010197,0.016685389242681786
2005-06-13,2.328,2.1276952127653,0.04858086854066833
2005-06-20,2.317,2.1386186221803922,0.03026408814489189
2005-06-27,2.289,2.1800801082118535,0.038573616587699096
2005-07-04,2.291,2.2484171737271725,0.07966464934899974
2005-07-11,2.368,2.232774402302974,0.04529544072073677
2005-07-18,2.55,2.3911302948075646,0.10200820193778597
2005-07-25,2.612,2.3104409956403735,0.13718129188708866
2005-08-01,2.61,2.272284085043332,0.022138082639427077
2005-08-08,3.069,2.292190852567683,0.13882720726830683
2005-08-15,2.955,2.4138813625382896,0.06275776874858462
2005-08-22,2.786,2.6638126206718953,0.12481980260325966
2005-08-29,2.803,2.6492069674206866,0.06598517306979539
2005-09-05,2.928,2.6088127005200397,0.06663616619489703
2005-09-12,2.848,3.336341814579659,0.42502082995702345
2005-09-19,2.725,3.0489687029942125,0.24278182517358737
2005-09-26,2.603,2.7919693372795424,0.16717175858021718
2005-10-03,2.48,2.7814473837746587,0.07338149597852753
2005-10-10,2.376,2.9676964539730193,0.11806547108461946
2005-10-17,2.296,2.814407788429042,0.09404377490201897
2005-10-24,2.201,2.69754703712343,0.0758593712377893
2005-10-31,2.154,2.57248499267034,0.10751890911134283
2005-11-07,2.147,2.434694455377762,0.0938548685800932
2005-11-14,2.185,2.3414018445802753,0.08518077547301321
2005-11-21,2.211,2.2567108673834544,0.0704542810185545
2005-11-28,2.197,2.1545559383775887,0.07644508968156002
2005-12-05,2.238,2.127097534512782,0.04980900894958383
2005-12-12,2.327,2.1324388894871795,0.048489663009085894
2005-12-19,2.32,2.1920032673650875,0.07078736330169302
2005-12-26,2.336,2.2161495116289536,0.06305984008990626
2006-01-02,2.357,2.1936935484831257,0.03437015824567421
2006-01-09,2.342,2.2540350133764564,0.04495757852804452
2006-01-16,2.284,2.357100237959477,0.12411795229755634
2006-01-23,2.24,2.320205235128088,0.05609007398770437
2006-01-30,2.254,2.349870897335334,0.055004306532890526
2006-02-06,2.331,2.363826489574919,0.05524951131450784
2006-02-13,2.366,2.340079891939594,0.04176008806498361
2006-02-20,2.504,2.2653804041681593,0.07996122617200667
2006-02-27,2.498,2.2248909592248136,0.03829801135246163
2006-03-06,2.588,2.2548857798082436,0.03379149500900887
2006-03-13,2.683,2.3577810492487346,0.09605479593578395
2006-03-20,2.783,2.378197559506604,0.07699351846382523
2006-03-27,2.914,2.5594738077006842,0.28922193388717105
2006-04-03,2.919,2.4965499373635534,0.06562434532760228
2006-04-10,2.909,2.6319519346706834,0.06841242338311007
2006-04-17,2.947,2.715462945335944,0.0667223554406583
2006-04-24,2.892,2.830734314403508,1707.7065693817453
2006-05-01,2.867,2.9712180648366235,0.06998156630847509
2006-05-08,2.892,2.934499036683041,0.0668304380984717
2006-05-15,2.906,2.9194993773490308,0.0497418897404839
2006-05-22,2.871,2.963778018157036,0.0560852734383542
2006-05-29,2.869,2.8752695316986445,0.054805891940922745
2006-06-05,2.934,2.8622316354439614,0.040451257192999086
2006-06-12,2.973,2.895927742289939,0.28629142741017094
2006-06-19,2.989,2.9100655236138597,0.0305576456515387
2006-06-26,3.003,2.8597474074415,0.05101090407660356
2006-07-03,3.004,2.869328565454116,0.034611188573591065
2006-07-10,3.038,2.953877214966759,0.06097412468144706
2006-07-17,3.0,2.9869705820359953,0.041048753494601325
2006-07-24,2.924,3.0000075758298124,0.04071323879370704
2006-07-31,2.845,3.01139442217769,0.03754807383997508
2006-08-07,2.727,3.0070796481422786,0.028130512245610202
2006-08-14,2.618,3.0522259526784263,0.050136805315161945
2006-08-21,2.497,2.9871753003946067,0.03957230492877969
2006-08-28,2.378,2.9008765027938908,0.04540135923734297
2006-09-04,2.31,2.812957841825452,0.05298571140832074
2006-09-11,2.261,2.6775129476619903,0.06850661956007825
2006-09-18,2.226,2.5685900508071593,0.058077429636763364
2006-09-25,2.208,2.436973122047487,0.06039479794167562
2006-10-02,2.218,2.3175622894640946,0.059376744354145895
2006-10-09,2.2,2.266735398017272,0.05325769492651644
2006-10-16,2.232,2.226086346566395,0.047975808505965716
2006-10-23,2.239,2.201366988980321,0.04342310126639277
2006-10-30,2.246,2.192120219653558,0.039561626383134665
2006-11-06,2.297,2.215973491516534,0.03794106002934876
2006-11-13,2.293,2.1893688532300577,0.0355982893714722
2006-11-20,2.32,2.2439955092748587,0.03784972497128494
2006-11-27,2.341,2.2393288237491737,0.03477411881964788
2006-12-04,2.334,2.2522075298553688,0.032236302722301574
2006-12-11,2.306,2.3166708055686427,0.035821933666664224
2006-12-18,2.229,2.2937588231719546,0.03468933495390154
2006-12-25,2.165,2.335430379632976,0.03399388033012569
2007-01-01,2.165,2.349218061716068,0.031472197339515055
2007-01-08,2.191,2.335742351025341,0.030233902866361184
2007-01-15,2.241,2.2968425053820036,0.031387324088972546
2007-01-22,2.296,2.1989556603190814,0.04218346380294504
2007-01-29,2.383,2.1365446784152864,0.04132796244459407
2007-02-05,2.505,2.156684492235161,0.03968360129338731
2007-02-12,2.559,2.1945633176580097,0.03922674874639043
2007-02-19,2.577,2.259428195906749,0.04126707677796636
2007-02-26,2.61,2.3191949529357383,0.04082658074336895
2007-03-05,2.707,2.4227952216525996,0.046481161062890734
2007-03-12,2.802,2.560838177999235,0.05533853699222682
2007-03-19,2.876,2.59169807594241,0.049808238264843104
2007-03-26,2.869,2.597734035097451,0.04536666529396198
2007-04-02,2.971,2.630347596433031,0.04147602107046312
2007-04-09,3.054,2.751615744650078,0.05062864806512043
2007-04-16,3.103,2.846931259511267,0.050491377954054555
2007-04-23,3.218,2.9188830155464154,0.04710460102638577
2007-04-30,3.209,2.877102250056285,0.048233110960799144
2007-05-07,3.157,3.0227331060876006,0.05989925657413701
2007-05-14,3.076,3.0910175806939355,0.05534228424007945
2007-05-21,3.009,3.138133801976784,0.04997859962489806
2007-05-28,2.982,3.2753930465224563,0.05675705908538364
2007-06-04,2.959,3.2162038753179774,0.05884036270823212
2007-06-11,2.981,3.1499509024693055,0.05941978376791872
2007-06-18,3.049,3.041875440962348,0.06270324817968893
2007-06-25,2.958,2.9782301595345295,0.05801489121617401
2007-07-02,2.876,2.9614357095247823,0.05206076348668221
2007-07-09,2.838,2.942206238182536,0.046913656412993006
2007-07-16,2.771,2.9854967568692885,0.04564450235407701
2007-07-23,2.785,3.0739750987730012,0.04974714418940917
2007-07-30,2.749,2.9226395605068287,0.06888203824906106
2007-08-06,2.796,2.848006374367908,0.06512253033268914
2007-08-13,2.818,2.811760225477191,0.058514128559704656
2007-08-20,2.787,2.73655024627205,0.055801192515539035
2007-08-27,2.812,2.784424606225228,0.05445391455251573
2007-09-03,2.788,2.725739330626451,0.05160434345879405
2007-09-10,2.77,2.815769262922725,0.05578953850068023
2007-09-17,2.762,2.821335968236824,0.05013327689442297
2007-09-24,2.823,2.7805285926339516,0.04788413590028347
2007-10-01,2.872,2.8220101459213134,0.045355144284813964
2007-10-08,3.013,2.776703886214019,0.043970399424494606
2007-10-15,3.111,2.765388559557395,0.04004116988172477
2007-10-22,3.099,2.755126096592182,0.0365581571137946
2007-10-29,3.097,2.847102245922651,0.04489087328353652
2007-11-05,3.061,2.8907397715287346,0.042057222889443746
2007-11-12,3.0,3.0783871534803104,0.06607703748472155
2007-11-19,2.998,3.1576649922332476,0.06055956750894614
2007-11-26,2.98,3.1111782921980464,0.0603668132619759
2007-12-03,3.053,3.105589039408818,0.05450075430203102
2007-12-10,3.109,3.047625400970672,0.052976902294133675
2007-12-17,3.068,2.9761846781414976,0.05230001812409055
2007-12-24,3.017,2.993314208127505,0.04789859780569313
2007-12-31,2.977,2.966979086792125,0.04371000012186069
2008-01-07,2.978,3.0829191611552864,0.05475710912899364
2008-01-14,2.96,3.1293539676082816,0.050314976842507846
2008-01-21,3.042,3.0591958919000692,0.05316173957789434
2008-01-28,3.13,2.999616849101735,0.05146915224734089
2008-02-04,3.162,2.9574503128637866,0.047519383669357235
2008-02-11,3.225,2.974593338172581,0.0436078484676972
2008-02-18,3.284,2.948084669926327,0.040156154038813154
2008-02-25,3.259,3.0760661353734617,0.055065297546608744
2008-03-03,3.29,3.1637249826003777,0.054548539919876925
2008-03-10,3.332,3.184234796304734,0.048919156795442
2008-03-17,3.389,3.258559206507944,0.04398526944462577
2008-03-24,3.508,3.313333576683835,0.04407636529754531
2008-03-31,3.603,3.25574919546006,0.04700999011366605
2008-04-07,3.613,3.309322434340708,0.04481789685133614
2008-04-14,3.722,3.3477481014003256,0.041325597942957606
2008-04-21,3.791,3.4182080400703074,0.038781730484782076
2008-04-28,3.937,3.5618565227554937,0.05375146777890813
2008-05-05,3.976,3.650596566229425,0.05180155147297653
2008-05-12,4.039,3.6294093713967284,0.04986973529556412
2008-05-19,4.082,3.779169026660731,0.05927044991885957
2008-05-26,4.079,3.823404736178112,0.053911347949570296
2008-06-02,4.095,4.014956410377736,0.06894324006136793
2008-06-09,4.114,4.000905847028747,0.06421447200835555
2008-06-16,4.113,4.0850096271399154,0.05923502417600351
2008-06-23,4.064,4.105307189714086,0.05312871571242159
2008-06-30,3.955,4.089653234115643,0.04945334680519864
2008-07-07,3.88,4.105928633506092,0.04457671207800589
2008-07-14,3.809,4.124469139894096,0.0402714794217134
2008-07-21,3.74,4.115381895182737,0.03725206474062204
2008-07-28,3.685,4.045547831492583,0.04156406346826188
2008-08-04,3.68,3.907953273550666,0.055880910115480235
2008-08-11,3.648,3.8415467890833583,0.05177517617635968
2008-08-18,3.835,3.7662024941574903,0.048914821548456576
2008-08-25,3.718,3.701050636075569,0.045722253498154015
2008-09-01,3.632,3.650493540054636,0.04197208707139466
2008-09-08,3.484,3.6687973876023934,0.040029872776136136
2008-09-15,3.151,3.6267889894486984,0.03780478650919301
2008-09-22,2.914,3.912589833563004,0.09790327044794467
2008-09-29,2.656,3.6976589905663464,0.11742086617957666
2008-10-06,2.4,3.6119374779481883,0.10966383117212893
2008-10-13,2.224,3.4167001857164174,0.1088097803788863
2008-10-20,2.072,3.00075405591242,0.15159442018694333
2008-10-27,1.892,2.774434216779512,0.13842388878042183
2008-11-03,1.811,2.497143421464819,0.1303244824226409
2008-11-10,1.699,2.233370421009078,0.12051257904775539
2008-11-17,1.659,2.0915502924371037,0.10711237619654009
2008-11-24,1.653,1.9605110977225544,0.09507162481148908
2008-12-01,1.613,1.7685183657848649,0.08819642073178226
2008-12-08,1.684,1.7350323030729538,0.07167142341883885
2008-12-15,1.784,1.6230209908805016,0.06610229254887408
2008-12-22,1.847,1.6153834679802774,0.06758084693815859
2008-12-29,1.838,1.6356620238281006,0.06249909622463368
2009-01-05,1.892,1.5894861290776272,0.0569024497505213
2009-01-12,1.926,1.7070623368916735,0.06579949132661918
2009-01-19,1.964,1.836100708756048,0.0674865437461585
2009-01-26,1.909,1.8921874615963135,0.06036798552355001
2009-02-02,1.934,1.8488660970730502,0.05938073856008007
2009-02-09,1.941,1.919476952196425,0.05641029848997005
2009-02-16,1.91,1.950174441222074,0.05059056887679011
2009-02-23,1.962,1.9888517968992618,0.04384611840046782
2009-03-02,2.046,1.8934005451372264,0.054530056586563166
2009-03-09,2.037,1.9395986196981223,0.051331106876853286
2009-03-16,2.051,1.9460098761086124,0.04761101502940906
2009-03-23,2.059,1.8981818362844263,0.04649147894484033
2009-03-30,2.049,1.9805217227100969,0.05051386497722665
2009-04-06,2.078,2.0889492654540347,0.05381397507038499
2009-04-13,2.24,2.047684641014659,0.05306443421147784
2009-04-20,2.309,2.0607154255072926,0.048778140645244834
2009-04-27,2.435,2.0657837459851573,0.04421930341642727
2009-05-04,2.524,2.0469852876657306,0.04114254250446791
2009-05-11,2.624,2.0898624378233652,0.039787467675604024
2009-05-18,2.672,2.3145445402971903,0.07552833401631553
2009-05-25,2.691,2.3643191257195046,0.0669671710026149
2009-06-01,2.642,2.50909031580129,0.06763216805043168
2009-06-08,2.612,2.5883650613224627,0.06069650791204834
2009-06-15,2.528,2.6900975696410807,0.05127454208542791
2009-06-22,2.463,2.7157064701222793,0.05158301949127525
2009-06-29,2.503,2.7141889445990337,0.048160007155701165
2009-07-06,2.557,2.6280839543380194,0.05483334336581339
2009-07-13,2.647,2.5941072330320054,0.05013898144356563
2009-07-20,2.637,2.484875351024392,0.054695088129705534
2009-07-27,2.628,2.4198950140226687,0.050488649353285044
2009-08-03,2.613,2.506562121164797,0.0582568354853647
2009-08-10,2.588,2.5822720358204223,0.05677195650084213
2009-08-17,2.577,2.695423361923529,0.05822782166845249
2009-08-24,2.552,2.6480306752447387,0.0572410306314638
2009-08-31,2.499,2.627501565704714,0.05264729116557761
2009-09-07,2.468,2.6061589167441377,0.046800519236344075
2009-09-14,2.489,2.574678368269211,0.04582342393778478
2009-09-21,2.574,2.5678543709606862,0.0410567235242885
2009-09-28,2.674,2.5379438921412603,0.0373463022325361
2009-10-05,2.694,2.4708814455987502,0.04041662900163848
2009-10-12,2.666,2.445203883746161,0.030871653684803716
2009-10-19,2.629,2.491122417313858,0.03911543066071584
2009-10-26,2.639,2.6128144648699414,0.06155492649905456
2009-11-02,2.629,2.7313037242093685,0.05305859526097326
2009-11-09,2.634,2.7206346481892787,0.051212673281407994
2009-11-16,2.599,2.6614255455385707,0.05287166969242813
2009-11-23,2.589,2.610833475349827,0.05022028024345677
2009-11-30,2.607,2.638022034932046,0.047075909363469955
2009-12-07,2.665,2.6241901668161,0.043174922366485555
2009-12-14,2.751,2.63479700334178,0.031474329069780725
2009-12-21,2.739,2.5834566456996906,0.040323713596667185
2009-12-28,2.705,2.579767828039712,0.03605310444848191
2010-01-04,2.661,2.6123087613459948,0.036214327686126056
2010-01-11,2.652,2.6928294494269833,0.038537630940901936
2010-01-18,2.608,2.7984628911824894,0.045113029615171336
2010-01-25,2.655,2.747762924086748,0.0496184199006367
2010-02-01,2.702,2.692241720489564,0.04941949052804851
2010-02-08,2.751,2.637186437315019,0.04740512639977985
2010-02-15,2.788,2.6408981309549273,0.04376093461592164
2010-02-22,2.819,2.5847089290158114,0.04306711869898801
2010-03-01,2.798,2.6693923306304326,0.05062428134226291
2010-03-08,2.826,2.7275820378275193,0.04826562043878223
2010-03-15,2.858,2.780835516364594,0.045280695506604664
2010-03-22,2.86,2.813649729818872,0.04160243706879975
2010-03-29,2.849,2.840705227762272,0.03853797162373736
2010-04-05,2.898,2.794743163639231,0.04054497887430035
2010-04-12,2.905,2.83776078147981,0.03995007697991606
2010-04-19,2.864,2.875977547462095,0.03786555250123827
2010-04-26,2.786,2.86627258346142,0.035710673119417204
2010-05-03,2.728,2.84588619390804,0.035176819125386345
2010-05-10,2.725,2.9192564657574955,0.04012946609784671
2010-05-17,2.701,2.9144559518002855,0.038255366911377466
2010-05-24,2.743,2.848272322230331,0.04290580168956971
2010-05-31,2.757,2.7458485740281366,0.049179572994863065
2010-06-07,2.726,2.6897852111592977,0.046364913344802
2010-06-14,2.718,2.7123122668568334,0.045558420546419634
2010-06-21,2.722,2.6863623407736523,0.04239941871906566
2010-06-28,2.749,2.7576312519651385,0.04617305686170263
2010-07-05,2.735,2.767677105056111,0.04235923230700909
2010-07-12,2.783,2.7151626786500778,0.04367325852280469
2010-07-19,2.745,2.7111787353000256,0.04018202778647268
2010-07-26,2.704,2.7217790345842103,0.037225144467562775
2010-08-02,2.682,2.7611141094123393,0.0364985378042671
2010-08-09,2.682,2.732278575600679,0.03315971897786418
2010-08-16,2.721,2.8037875445032925,0.040499270320517367
2010-08-23,2.723,2.734167962018692,0.05612360486966968
2010-08-30,2.694,2.682358440156966,0.045254508392614384
2010-09-06,2.732,2.665641671554201,0.0419446014794543
2010-09-13,2.819,2.677059866267136,0.03944220341683321
2010-09-20,2.834,2.736996894024062,0.037476050499387036
2010-09-27,2.817,2.728714052932382,0.03879300565816862
2010-10-04,2.806,2.6826994457989044,0.03966739578009842
2010-10-11,2.865,2.7455775150635704,0.03904920383075026
2010-10-18,2.892,2.8621823556753063,0.05064131753993766
2010-10-25,2.876,2.8536057345195256,0.048333242776615735
2010-11-01,2.856,2.8151302885822878,0.04743898409983461
2010-11-08,2.958,2.8005020856162752,0.043808099407683446
2010-11-15,2.98,2.8897787661837198,0.049014883974706776
2010-11-22,2.982,2.911486380204738,0.04484622982461893
2010-11-29,3.052,2.874646764112059,0.0444684306347897
2010-12-06,3.07,2.846646186995058,0.04076140490585869
2010-12-13,3.089,3.000561811965197,0.061092982847536344
2010-12-20,3.104,3.002632783857513,0.05683120388266139
2010-12-27,3.11,2.989752327503265,0.05244295256366558
2011-01-03,3.101,3.0853587172239982,0.054549891224017266
2011-01-10,3.132,3.088201289618697,0.05045765766422617
2011-01-17,3.14,3.10298933557208,0.04591549255455543
2011-01-24,3.189,3.114929107452478,0.04220104131083379
2011-01-31,3.383,3.1159948907045765,0.039049930566287465
2011-02-07,3.52,3.0988443483484804,0.03726111417480844
2011-02-14,3.567,3.1450615402399857,0.037366165970806074
2011-02-21,3.562,3.147542806273139,0.0349670447980451
2011-02-28,3.596,3.2129866398117124,0.037052818961038916
2011-03-07,3.684,3.478528427562189,0.0810546078957804
2011-03-14,3.791,3.6024746438059667,0.07420259670337002
2011-03-21,3.844,3.6165349723147124,0.07243880039633978
2011-03-28,3.879,3.5756104061287575,0.06691922603091192
2011-04-04,3.963,3.6204323531977263,0.060960419268819184
2011-04-11,3.965,3.729536402557656,0.06167234692515837
2011-04-18,3.96,3.8520639903978844,0.060711713344891914
2011-04-25,3.849,3.883697739953913,0.056090845958607194
2011-05-02,3.794,3.9103566150603593,0.05134961085567076
2011-05-09,3.781,4.012132486870223,0.04753218338128307
2011-05-16,3.713,3.9758366569361194,0.052749517472931357
2011-05-23,3.652,3.967653711807307,0.049129746312692145
2011-05-30,3.574,3.7956451308326056,0.07060861026453419
2011-06-06,3.579,3.7636097091302942,0.06750478635309737
2011-06-13,3.641,3.7602268901208706,0.057576453984145834
2011-06-20,3.682,3.6754828354429234,0.05665468659638984
2011-06-27,3.699,3.615346347381572,0.05250973674415033
2011-07-04,3.711,3.5259004101708062,0.050536529185283854
2011-07-11,3.674,3.571038573820703,0.05187877314989627
2011-07-18,3.604,3.6618574696164865,0.05565616002885094
2011-07-25,3.581,3.7047187777041084,0.05090718014238406
2011-08-01,3.627,3.713415790107074,0.046481638862457604
2011-08-08,3.674,3.7216524537609277,0.04271719138100047
2011-08-15,3.661,3.659035977905602,0.04614701240565593
2011-08-22,3.601,3.5704202414304755,0.049662076694578075
2011-08-29,3.509,3.563211455349515,0.045870282000250645
2011-09-05,3.433,3.6416478273006256,0.04988318468223122
2011-09-12,3.417,3.6960047585698317,0.04755324481893339
2011-09-19,3.476,3.6602587830748043,0.04664294545552342
2011-09-26,3.462,3.575555266020177,0.05719284782229147
2011-10-03,3.452,3.461055146661953,0.05540843141884242
2011-10-10,3.424,3.387151524026475,0.05578483157830167
2011-10-17,3.436,3.396935396511802,0.04833654549305891
2011-10-24,3.368,3.496131365464757,0.05542432842487165
2011-10-31,3.307,3.4543219935773406,0.054727417140272044
2011-11-07,3.29,3.4514782167496874,0.04756805097763174
2011-11-14,3.286,3.407464961064362,0.041327626534027016
2011-11-21,3.229,3.441224581490983,0.03850220528741374
2011-11-28,3.258,3.3319325561204454,0.05907292895827751
2011-12-05,3.299,3.276686380925033,0.050489001718455426
2011-12-12,3.382,3.2714407919144204,0.04235942588567596
2011-12-19,3.391,3.2782963175396085,0.03671412039256925
2011-12-26,3.389,3.1979610423896823,0.045873025631176685
2012-01-02,3.439,3.268679901443932,0.052310086097300375
2012-01-09,3.482,3.3133447552123725,0.04603166769804249
2012-01-16,3.523,3.426981516916937,0.056301506201238326
2012-01-23,3.591,3.4009914448121656,0.05168614560759628
2012-01-30,3.721,3.39747357626535,0.04311439385637457
2012-02-06,3.793,3.46394261312528,0.04369627489694723
2012-02-13,3.829,3.506406051751234,0.037800275791094115
2012-02-20,3.867,3.549476899500163,0.034062991194148205
2012-02-27,3.918,3.63006098309828,0.03952484497723916
2012-03-05,3.941,3.791884164466238,0.06721171821462754
2012-03-12,3.939,3.840530340710725,0.05064847877183364
2012-03-19,3.922,3.8632374015360282,0.04180536618462111
2012-03-26,3.87,3.8948003033019636,0.03547965421349068
2012-04-02,3.83,3.9505825361131297,0.03452765660319309
2012-04-09,3.79,3.959232744832472,0.03957651681415364
2012-04-16,3.754,3.945164976583665,0.035199235682765104
2012-04-23,3.715,3.9167307992042497,0.03705037156999054
2012-04-30,3.67,3.845001484785737,0.044881369538139246
2012-05-07,3.613,3.807377691305204,0.04064357356967505
2012-05-14,3.572,3.763886859684537,0.03790699274460105
2012-05-21,3.533,3.7309553995918563,0.03511320412812773
2012-05-28,3.437,3.6896464241285587,0.03506988119403372
2012-06-04,3.356,3.6423869526650017,0.03604201413699233
2012-06-11,3.411,3.578642229174513,0.037551417137853295
2012-06-18,3.427,3.5447347885668186,0.03557407966442626
2012-06-25,3.494,3.505789443036008,0.03448370524352443
2012-07-02,3.508,3.383623292716349,0.05696062593818721
2012-07-09,3.645,3.3075605970696866,0.04858487684899272
2012-07-16,3.721,3.4244721766023902,0.07501830676680828
2012-07-23,3.744,3.4275241419502716,0.05508392342897783
2012-07-30,3.776,3.5316898190705555,0.05850071370727202
2012-08-06,3.843,3.516689937909587,0.04905744130207552
2012-08-13,3.847,3.7200827575737927,0.08692014242566075
2012-08-20,3.878,3.7644539866314797,0.06333362286298022
2012-08-27,3.826,3.7740236684118873,0.05150268865453621
2012-09-03,3.804,3.798761550124646,0.042402457288055195
2012-09-10,3.85,3.8824036122831473,0.044539042873318196
2012-09-17,3.819,3.855736998509649,0.04554936168055583
2012-09-24,3.687,3.9007754549396414,0.04069157696307225
2012-10-01,3.568,3.8069251328605294,0.05896346348720232
2012-10-08,3.492,3.7887573111766004,0.04592495400140359
2012-10-15,3.449,3.865826106663533,0.050278475937570496
2012-10-22,3.429,3.805283004665683,0.051796094120328894
2012-10-29,3.437,3.624911243835279,0.08512587282246696
2012-11-05,3.394,3.5011668328991075,0.07227933415810064
2012-11-12,3.349,3.437857057179291,0.05592066159197876
2012-11-19,3.254,3.4130999782359877,0.04639130815506964
2012-11-26,3.257,3.4081315258328417,0.04119122926704472
2012-12-03,3.298,3.434196310529936,0.04018635815756098
2012-12-10,3.299,3.369505563337464,0.044723201428364695
2012-12-17,3.303,3.3251785723878164,0.041980260520796404
2012-12-24,3.315,3.2006435694046735,0.057436028713485764
2012-12-31,3.357,3.250597791923166,0.05588320495327307
2013-01-07,3.538,3.3079311228968553,0.052303760031663774
2013-01-14,3.611,3.3011592305234365,0.04443592560261552
2013-01-21,3.747,3.30686937003825,0.03932930860555271
2013-01-28,3.784,3.321216329282552,0.03661751779393327
2013-02-04,3.759,3.3787697062344297,0.04635385306232117
2013-02-11,3.71,3.6298722461322144,0.10096802157788515
2013-02-18,3.696,3.6575912875918153,0.07179457600173024
2013-02-25,3.68,3.825478563032849,0.06917075954904074
2013-03-04,3.645,3.8220050950284863,0.05906301188787697
2013-03-11,3.608,3.75712005708467,0.0630207240870445
2013-03-18,3.542,3.6865867291774403,0.05779387133328392
2013-03-25,3.536,3.6835570529462918,0.045069963499852865
2013-04-01,3.52,3.66939957251603,0.0396484198421016
2013-04-08,3.538,3.6260209245065838,0.04983202958985596
2013-04-15,3.603,3.585961514824546,0.040552642168199114
2013-04-22,3.673,3.5056233307556406,0.04812335171368033
2013-04-29,3.645,3.5239777963906493,0.04420297421296502
2013-05-06,3.646,3.509502020825606,0.0397121874837837
2013-05-13,3.655,3.5437246204763126,0.04033264896401768
2013-05-20,3.626,3.634783597675457,0.05076862374914634
2013-05-27,3.577,3.7137289325118776,0.0471439968649133
2013-06-03,3.496,3.6420544330697173,0.05855543514610843
2013-06-10,3.492,3.645728217391515,0.04778169409158434
2013-06-17,3.639,3.6591316272589918,0.042500599180300684
2013-06-24,3.682,3.6135154159594864,0.04407143453181433
2013-07-01,3.646,3.550993348263018,0.04574814821406956
2013-07-08,3.632,3.4515824736578646,0.05236846737388405
2013-07-15,3.561,3.4791706165922425,0.04911617941064344
2013-07-22,3.55,3.7054318447648926,0.10118687289179694
2013-07-29,3.552,3.717918786155708,0.07377315503379829
2013-08-05,3.608,3.6371651200290267,0.06690630637355599
2013-08-12,3.587,3.6280498063258477,0.05287432630653168
2013-08-19,3.547,3.5254357391407547,0.060406806141991475
2013-08-26,3.495,3.5405126250927004,0.050262004200616786
2013-09-02,3.425,3.5483705217260573,0.04392690014799146
2013-09-09,3.367,3.6335998453025855,0.05103260684534276
2013-09-16,3.354,3.5787495576753265,0.05248952073322949
2013-09-23,3.36,3.529053050582066,0.04926947377436277
2013-09-30,3.294,3.4672805941462164,0.04832347945210983
2013-10-07,3.265,3.3859455577471937,0.049980212772370324
2013-10-14,3.194,3.3314269452174745,0.04573613494509543
2013-10-21,3.219,3.3396456151698355,0.04311024919073885
2013-10-28,3.293,3.3572337138997868,0.041552923391366035
2013-11-04,3.272,3.2590579436842932,0.05355972973185774
2013-11-11,3.269,3.246639216245886,0.046269924240151326
2013-11-18,3.239,3.1536224392518335,0.05178242828329399
2013-11-25,3.271,3.221604796212232,0.055731769874963005
2013-12-02,3.331,3.3254605616217305,0.05829427500282275
2013-12-09,3.332,3.264539447622376,0.05734685571933922
2013-12-16,3.327,3.2701260914820915,0.04857884790955286
2013-12-23,3.296,3.2242279619900334,0.04749419371629097
2013-12-30,3.295,3.285253365402611,0.04877800341964506
2014-01-06,3.292,3.3602396812069646,0.049117345933713696
2014-01-13,3.309,3.3364917291122524,0.047317576216107535
2014-01-20,3.38,3.3282264098321765,0.04397068152856744
2014-01-27,3.444,3.281975343803914,0.04574031788037982
2014-02-03,3.479,3.293519795892081,0.043006090555378275
2014-02-10,3.512,3.288989090765509,0.04150186293204918
2014-02-17,3.547,3.3166360784032074,0.041414261675948
2014-02-24,3.549,3.415109946182092,0.05000610106949496
2014-03-03,3.579,3.4793755533325608,0.04681212201922467
2014-03-10,3.596,3.503199948162035,0.04346306778365526
2014-03-17,3.651,3.5347745400217185,0.04162110922904492
2014-03-24,3.683,3.5695821105396024,0.040744912334651655
2014-03-31,3.713,3.5549639935231028,0.04191713271902693
2014-04-07,3.684,3.59717927775304,0.04191864791101578
2014-04-14,3.668,3.607129059397651,0.04064772932657305
2014-04-21,3.665,3.6811460563159795,0.04504608148608641
2014-04-28,3.674,3.7031308841976656,0.04208424042612422
2014-05-05,3.69,3.7330240704755004,0.05016434926915622
2014-05-12,3.674,3.6745006021662356,0.054297044731052756
2014-05-19,3.686,3.661867591838562,0.044432386934062734
2014-05-26,3.704,3.6624131753068148,0.04179277311539799
2014-06-02,3.704,3.677401857250969,0.05017010087342745
2014-06-09,3.678,3.6977274686384014,0.040376919166942055
2014-06-16,3.635,3.66722794880827,0.042729166508516325
2014-06-23,3.593,3.692055648631417,0.04177472682175205
2014-06-30,3.539,3.712805389679535,0.04081333273891194
2014-07-07,3.515,3.705396078860832,0.04423900952500592
2014-07-14,3.505,3.6664836617798784,0.04346174763462202
2014-07-21,3.472,3.6132363270980954,0.04533936070741839
2014-07-28,3.454,3.5692379999916213,0.044122745160720955
2014-08-04,3.459,3.5078095422969735,0.04595374968542457
2014-08-11,3.457,3.497310364187878,0.04238403959506396
2014-08-18,3.408,3.494622059296466,0.0409467058575191
2014-08-25,3.353,3.4523260377479117,0.042460784702913784
2014-09-01,3.354,3.4417332018485305,0.0409052439889523
2014-09-08,3.299,3.4578903202377864,0.040747080054099306
2014-09-15,3.207,3.454200532441234,0.0400758986874653
2014-09-22,3.12,3.383341281899502,0.04765820965706226
2014-09-29,3.056,3.323371699098286,0.04688821631833123
2014-10-06,2.993,3.348986532758303,0.045339799334933185
2014-10-13,2.941,3.267995968935253,0.050896811876239165
2014-10-20,2.894,3.1578076881610464,0.05701557276382347
2014-10-27,2.821,3.069026682612644,0.05258919474948019
2014-11-03,2.778,3.0136927689162554,0.046725906598408175
2014-11-10,2.679,2.9513044643255357,0.0449297443389804
2014-11-17,2.554,2.9055941294164542,0.04579216106758086
2014-11-24,2.403,2.8618204277625683,0.04808062431366782
2014-12-01,2.299,2.7769633309125785,0.048310140495835895
2014-12-08,2.214,2.7481122391382726,0.043248919540322665
2014-12-15,2.139,2.6215966894051586,0.055150581220742685
2014-12-22,2.066,2.4821038187006033,0.05923325920603234
2014-12-29,2.044,2.3132849727935625,0.0648471453564989
2015-01-05,2.068,2.2286111998509543,0.05355314779526996
2015-01-12,2.191,2.152455773755722,0.04768032047831422
2015-01-19,2.274,2.0849865728761015,0.04464239214376585
2015-01-26,2.332,2.0150805873222013,0.04369047528593635
2015-02-02,2.473,2.0200920269670273,0.04394383183697702
2015-02-09,2.487,2.070469100500287,0.0476832741430256
2015-02-16,2.453,2.2493138407529667,0.06963941239062926
2015-02-23,2.457,2.3213067424233014,0.05949675919253389
2015-03-02,2.448,2.3719983745374753,0.058115508115292834
2015-03-09,2.413,2.554178578860238,0.06812873064997942
2015-03-16,2.408,2.50778427094887,0.07063399132409996
2015-03-23,2.485,2.447280907701799,0.060693330211721026
2015-03-30,2.57,2.4621904833165873,0.06071791270186671
2015-04-06,2.664,2.4440796783871654,0.04870165701542889
2015-04-13,2.691,2.3956068073575656,0.047917895762326024
2015-04-20,2.744,2.4034553470405218,0.04676934294383352
2015-04-27,2.774,2.521373741163259,0.060571765516597674
2015-05-04,2.78,2.6153481648238377,0.04866014898282035
2015-05-11,2.78,2.71946130237327,0.05826894430263555
2015-05-18,2.835,2.715177884786825,0.05524536883709475
2015-05-25,2.812,2.779887295922206,0.05231532702248975
2015-06-01,2.801,2.7963072535180427,0.04892226676792302
2015-06-08,2.793,2.789589481254216,0.04460945856127785
2015-06-15,2.834,2.784040973094317,0.043790756601287804
2015-06-22,2.802,2.8648223751409714,0.04493584305029926
2015-06-29,2.745,2.8036366117530105,0.0463257877030122
2015-07-06,2.689,2.797852214392604,0.045012887279812085
2015-07-13,2.629,2.7883579114094394,0.046356967763732
2015-07-20,2.716,2.853901650149902,0.04799911340274178
2015-07-27,2.637,2.7875044709989303,0.05133173635388699
2015-08-03,2.51,2.7166800741243797,0.05267873867553915
2015-08-10,2.437,2.654998679920876,0.05259638480299923
2015-08-17,2.375,2.5922427463922335,0.044997658341288174
2015-08-24,2.327,2.7692425044572238,0.07334742976612121
2015-08-31,2.322,2.596561124831327,0.09056723500872575
2015-09-07,2.318,2.430356737390228,0.09077923351718406
2015-09-14,2.337,2.38389513478356,0.0526647256223894
2015-09-21,2.277,2.3319283079033983,0.07454512505233137
2015-09-28,2.228,2.2925477589827947,0.06800716005153977
2015-10-05,2.224,2.3143208537776117,0.044236595213611944
2015-10-12,2.235,2.3146191051766647,0.0593311253942671
2015-10-19,2.178,2.347718362553098,0.05526719521753976
2015-10-26,2.094,2.2433754226160714,0.049841962462918485
2015-11-02,2.059,2.195032852449886,0.055348227209672446
2015-11-09,2.053,2.217269504216407,0.04526497955295863
2015-11-16,2.037,2.240473976018663,0.048680427733533906
2015-11-23,2.026,2.1458132738666795,0.05342682372529108
2015-11-30,2.034,2.040677853684825,0.05480986412068564
2015-12-07,2.028,2.031522757384416,0.05150153509691289
2015-12-14,1.996,2.0458513267977336,0.049021361554572374
2015-12-21,1.914,2.0267279426328524,0.046016626191578966
2015-12-28,1.856,2.0182314549017044,0.043213731579944445
2016-01-04,1.822,2.03766523875251,0.04297227993064906
2016-01-11,1.759,2.024983733547059,0.041370871563386445
2016-01-18,1.724,1.9769107018555157,0.04222528335637139
2016-01-25,1.73,1.8635086870637478,0.04971454299283327
2016-02-01,1.783,1.8153222945678897,0.04673116866305211
2016-02-08,1.841,1.796583469664033,0.04359875027934441
2016-02-15,1.961,1.7187027788117768,0.044454614909080654
2016-02-22,2.007,1.6982655297173663,0.04325126219329124
2016-02-29,2.066,1.73008083761526,0.0437849502683425
2016-03-07,2.083,1.8143107000777003,0.04813108167769134
2016-03-14,2.069,1.879162477475853,0.047927905156567696
2016-03-21,2.137,2.037592802352522,0.056547300137596714
2016-03-28,2.162,2.0430010361038105,0.04767685907866249
2016-04-04,2.24,2.1053487715956227,0.05459202790701903
2016-04-11,2.22,2.0976002929574946,0.05419672059274787
2016-04-18,2.242,2.062276698028065,0.049228719977496345
2016-04-25,2.3,2.176676635264849,0.05056706872605403
2016-05-02,2.339,2.1813820790058958,0.045950594261224255
2016-05-09,2.381,2.288925930181325,0.04859317130258656
2016-05-16,2.399,2.2138147046161585,0.06431790686224663
2016-05-23,2.353,2.2542969206584305,0.060878994331369875
2016-05-30,2.329,2.3359846927994297,0.0606457864190475
2016-06-06,2.291,2.366535544787367,0.04430145537551977
2016-06-13,2.253,2.4093132014243945,0.04330372689597674
2016-06-20,2.23,2.4131546763955294,0.051455446883378275
2016-06-27,2.182,2.3273374365073205,0.05698865248866196
2016-07-04,2.159,2.3116532296725443,0.044369243694216444
2016-07-11,2.15,2.266319167140963,0.04844481553586047
2016-07-18,2.149,2.2274643032569266,0.049104909379770315
2016-07-25,2.193,2.2132123311391565,0.049398814366567935
2016-08-01,2.237,2.151488270648386,0.050442444171744746
2016-08-08,2.223,2.1415185975186524,0.0485056621682171
2016-08-15,2.202,2.1425136854373044,0.04648306437725111
2016-08-22,2.225,2.1474853767567645,0.04453985568061157
2016-08-29,2.224,2.2189111052291035,0.04498765783336735
2016-09-05,2.245,2.2661097426783763,0.04459061380129856
2016-09-12,2.272,2.2181726557210455,0.04624175956695731
2016-09-19,2.257,2.1891104332122473,0.043709857247279146
2016-09-26,2.243,2.2369813899354414,0.04399576349199515
2016-10-03,2.23,2.2248281044333065,0.041974550875256526
2016-10-10,2.233,2.257362010630504,0.04288347780184486
2016-10-17,2.184,2.289251101208975,0.0424440639598037
2016-10-24,2.155,2.2502714674993447,0.04089525631676188
2016-10-31,2.154,2.2340103155648365,0.039250000883441855
2016-11-07,2.208,2.2213265896214804,0.04211745750527768
2016-11-14,2.236,2.233746729711064,0.0419277933914072
2016-11-21,2.264,2.155361740173426,0.045448105473816024
2016-11-28,2.309,2.134666750580661,0.041427805728180465
2016-12-05,2.377,2.1511152043425206,0.040698941843616866
2016-12-12,2.388,2.239510491934976,0.0467906822640614
2016-12-19,2.358,2.2560044124523193,0.04451367201601526
2016-12-26,2.326,2.282711894586673,0.04244063850038527
2017-01-02,2.296,2.3376359799565676,0.042903286706340034
2017-01-09,2.293,2.420355604253118,0.04413336766942632
2017-01-16,2.307,2.3996585153375896,0.04418970253652088
2017-01-23,2.302,2.3417642708438415,0.045044830376372615
2017-01-30,2.314,2.3053915505730322,0.043538897235745604
2017-02-06,2.341,2.275994132386925,0.04196207067938185
2017-02-13,2.323,2.2888913369448516,0.042185808657374625
2017-02-20,2.321,2.3147225452824958,0.041360293799959064
2017-02-27,2.315,2.2999785710900977,0.04165036192336824
2017-03-06,2.36,2.320754553116726,0.041513561041013135
2017-03-13,2.424,2.35752441424732,0.04154847927902152
2017-03-20,2.436,2.314484489860189,0.04403473576532409
2017-03-27,2.449,2.3188071347803447,0.04170619092804861
2017-04-03,2.411,2.3112629992493274,0.043715312760110224
2017-04-10,2.372,2.385790555630895,0.048581201133304885
2017-04-17,2.369,2.464473055998446,0.0496802749846355
2017-04-24,2.399,2.4474850196232603,0.05064801481025777
2017-05-01,2.406,2.457823965875213,0.049668308017255344
2017-05-08,2.414,2.389609252312925,0.05330306932024437
2017-05-15,2.366,2.346840448028794,0.053143024939651506
2017-05-22,2.318,2.3644126992519694,0.05172112097046271
2017-05-29,2.288,2.415996551203887,0.05076695029137073
2017-06-05,2.26,2.41199285728769,0.04994935546561111
2017-06-12,2.297,2.419349120682626,0.047768686208431714
2017-06-19,2.278,2.338709438940084,0.05222551995919644
2017-06-26,2.312,2.286898020349718,0.05084374271219834
2017-07-03,2.352,2.267004156405627,0.04911619375684317
2017-07-10,2.378,2.2411370535429724,0.04843590640991576
2017-07-17,2.384,2.316578461478662,0.0523691812527809
2017-07-24,2.36,2.2691139243441256,0.04479719793096461
2017-07-31,2.399,2.3307790368421974,0.05283198172257361
2017-08-07,2.679,2.377536208698928,0.050676584075891415
2017-08-14,2.685,2.3961018989918803,0.048476881693940044
2017-08-21,2.634,2.389536697268344,0.04664757200713198
2017-08-28,2.583,2.3464880086284405,0.04749055218526706
2017-09-04,2.565,2.4204636787928138,0.04439753550755115
2017-09-11,2.504,2.8580400858240624,0.12879884435173064
2017-09-18,2.489,2.7085423966638107,0.13248675170467175
2017-09-25,2.479,2.602643883243789,0.12237914539259823
2017-10-02,2.488,2.5516161955136893,0.051573021543318616
2017-10-09,2.561,2.5539247872112907,0.09898889668493868
2017-10-16,2.592,2.4664611036596193,0.09048431653088487
2017-10-23,2.568,2.479744813320399,0.042257756678679266
2017-10-30,2.533,2.471882164375528,0.07819497885429003
2017-11-06,2.5,2.4923724932061355,0.0728847085543415
2017-11-13,2.485,2.603388540957788,0.0740395726555864
2017-11-20,2.45,2.61429741110778,0.06860118119093583
2017-11-27,2.472,2.55670313665227,0.04937833292504837
2017-12-04,2.52,2.511496629606123,0.062184448075464964
2017-12-11,2.522,2.479719057177162,0.038407208558302375
2017-12-18,2.557,2.4757709302751354,0.05528447345069458
2017-12-25,2.567,2.428765246640529,0.04160887002999734
2018-01-01,2.607,2.4821477899035367,0.05644182725207263
2018-01-08,2.637,2.5486477251102495,0.05604157386806677
2018-01-15,2.607,2.5262762563159487,0.05422316364872339
2018-01-22,2.557,2.5774662945553244,0.05324864712791678
2018-01-29,2.548,2.5750046293971764,0.051189450937516784
2018-02-05,2.56,2.630826698428148,0.04763634253794353
2018-02-12,2.559,2.656820568919052,0.049899853342092515
2018-02-19,2.598,2.591952190634139,0.05434236521822604
2018-02-26,2.648,2.526702267215607,0.05481968778356386
2018-03-05,2.7,2.5394061494161067,0.05426471517716094
2018-03-12,2.694,2.566002185203851,0.050852824455014004
2018-03-19,2.747,2.5590508718195273,0.05180170692865556
2018-03-26,2.798,2.6203625045346683,0.13750033319440086
2018-04-02,2.846,2.6791471201345756,0.14724206447666874
2018-04-09,2.845,2.733339945621793,0.05375456650194715
2018-04-16,2.873,2.6942589952146574,0.04569096865359595
2018-04-23,2.923,2.7795305216871515,0.06098781054366347
2018-04-30,2.962,2.8293016908918376,0.058097204331245385
2018-05-07,2.94,2.87547637539874,0.05923438268436537
2018-05-14,2.911,2.8443846779533426,0.059876484125422104
2018-05-21,2.879,2.890175609485775,0.04198075447825463
2018-05-28,2.833,2.9536543282164867,0.04994096239527246
2018-06-04,2.844,2.9859133652833734,0.061058289399664706
2018-06-11,2.857,2.92651672569695,0.06378004144671988
2018-06-18,2.865,2.893220370576567,0.062096484024650234
2018-06-25,2.831,2.8593764864995883,0.06170620274184234
2018-07-02,2.846,2.8047641188330164,0.06179229743595296
2018-07-09,2.852,2.8507410069303156,0.06306570267387397
2018-07-16,2.843,2.8649398362222893,0.0497446098724226
2018-07-23,2.821,2.8698820324866747,0.058623619637805734
2018-07-30,2.827,2.8102924260819595,0.0595188684446561
2018-08-06,2.824,2.8551106232471093,0.058530690313788145
2018-08-13,2.833,2.855641109204041,0.0571471948965542
2018-08-20,2.841,2.8375309692615085,0.05562781601376461
2018-08-27,2.844,2.807631205882183,0.04437768350620825
2018-09-03,2.866,2.8307312131690656,0.050257416118526695
2018-09-10,2.903,2.8220938256560792,0.05574955345865282
2018-09-17,2.879,2.838711376851846,0.041684397359510725
2018-09-24,2.841,2.846093184690039,0.0521909167938354
2018-10-01,2.811,2.845949536225294,0.03485318324586566
2018-10-08,2.753,2.879704647651689,0.03776077299695758
2018-10-15,2.686,2.925578958397069,0.12396553056796915
2018-10-22,2.611,2.8648152376672007,0.04527816499779893
2018-10-29,2.539,2.819242789884496,0.042400279706879596
2018-11-05,2.451,2.7941084756354546,0.039141690252548954
2018-11-12,2.421,2.720678947549099,0.04071139700545472
2018-11-19,2.369,2.6492105657837026,0.041593425302597714
2018-11-26,2.321,2.5696778182355255,0.040948621923899337
2018-12-03,2.266,2.4993685013815403,0.04400531420927007
2018-12-10,2.237,2.402293128608424,0.04206368136261884
2018-12-17,2.247,2.404436556847849,0.041073179929685004
2018-12-24,2.251,2.340106840849676,0.0411560274790634
2018-12-31,2.256,2.2944462873165077,0.04055794748264685
2019-01-07,2.254,2.2355495928152163,0.04051455706394216
2019-01-14,2.276,2.2208865917011043,0.037331735880076725
2019-01-21,2.317,2.252554675493603,0.039886257357984706
2019-01-28,2.39,2.253221179710241,0.03587672077580236
2019-02-04,2.422,2.258774099102819,0.03463742938938585
2019-02-11,2.471,2.25288609082301,0.038928567187161076
2019-02-18,2.548,2.2883024572402366,0.03889014784657559
2019-02-25,2.623,2.339951957059877,0.039063790499066955
2019-03-04,2.691,2.4309906263246934,0.0407238934622541
2019-03-11,2.745,2.440004047079955,0.03831049486789789
2019-03-18,2.828,2.4985011390176317,0.03865557101483879
2019-03-25,2.841,2.5916264119622285,0.043863843687469685
2019-04-01,2.887,2.6656374810990244,0.040876721212178266
2019-04-08,2.897,2.72975368962601,0.04148703007937195
2019-04-15,2.866,2.7758209243322187,0.04047038797685809
2019-04-22,2.852,2.8755662714101033,0.04487455290682727
2019-04-29,2.822,2.8485120019501418,0.04498599650205115
2019-05-06,2.807,2.913268518108705,0.04235336072911126
2019-05-13,2.732,2.902717281204217,0.04323999549474248
2019-05-20,2.67,2.8485142477066674,0.04127412617690599
2019-05-27,2.654,2.8441515971528584,0.04550545164894176
2019-06-03,2.713,2.805156372876425,0.045599823288172144
2019-06-10,2.743,2.7985744319259163,0.043825302978351854
2019-06-17,2.779,2.689749273747494,0.05242900129626971
2019-06-24,2.75,2.6350079538065847,0.04985964030814305
2019-07-01,2.715,2.645008796557961,0.043536165255149785
2019-07-08,2.688,2.7460379138836077,0.05042803372908668
2019-07-15,2.624,2.759909356414204,0.05007696965458977
2019-07-22,2.598,2.799272249548306,0.04831050584892891
2019-07-29,2.574,2.7337810718197657,0.04760646512840113
2019-08-05,2.563,2.6952634729539664,0.049905263466731235
2019-08-12,2.55,2.672770068641503,0.045651044943365984
2019-08-19,2.552,2.587838641813646,0.050175594981654484
2019-08-26,2.654,2.5833274604151444,0.04761183340284783
2019-09-02,2.642,2.5604501912567477,0.045336015753758334
2019-09-09,2.645,2.556791942241662,0.03364029614279366
2019-09-16,2.629,2.542672198910985,0.04182483470003387
2019-09-23,2.638,2.553127073587364,0.034096515766699344
2019-09-30,2.596,2.711590750442013,0.05960231388273095
2019-10-07,2.605,2.635304134133846,0.06329749851053951
2019-10-14,2.615,2.6466633555249124,0.057071176955657166
2019-10-21,2.592,2.6200853647091384,0.05625595789814321
2019-10-28,2.579,2.643017956929531,0.05072151519997742
2019-11-04,2.575,2.5726162725629957,0.04860974096008376
2019-11-11,2.561,2.6100092008759668,0.05284563968179486
2019-11-18,2.536,2.620567339389124,0.049924305608098
2019-11-25,2.532,2.5791983409251533,0.04892211762324878
2019-12-02,2.571,2.571762320943396,0.04611487062333398
2019-12-09,2.578,2.57277211983375,0.04001437168378391
2019-12-16,2.57,2.55319933708437,0.04298542202721672
2019-12-23,2.537,2.5220823509377883,0.04246543596407235
2019-12-30,2.506,2.5297836687881543,0.04219387042440071
2020-01-06,2.455,2.592761129113363,0.04606301385599912
2020-01-13,2.419,2.5819008881721364,0.044825277454261216
2020-01-20,2.428,2.565547710040393,0.04341692955970338
2020-01-27,2.466,2.518610723774145,0.04319089847999871
2020-02-03,2.423,2.48872362703567,0.04206739412849918
2020-02-10,2.375,2.4264095900641625,0.04352852835091335
2020-02-17,2.248,2.398835294669036,0.04093718178965177
2020-02-24,2.12,2.4330262107642007,0.040069196018306545
2020-03-02,2.005,2.487216524944673,0.04590703358632803
2020-03-09,1.924,2.3990874062353753,0.09358728200148952
2020-03-16,1.853,2.3482229859498043,0.0517600440928905
2020-03-23,1.812,2.176589233676131,0.0662063146346284
2020-03-30,1.773,2.047358013155736,0.053358832392386916
2020-04-06,1.789,1.9392117636774424,0.06398206514180946
2020-04-13,1.851,1.8775530871875377,0.06023995508552565
2020-04-20,1.878,1.812147881842265,0.05696024922328211
2020-04-27,1.96,1.7883769155924831,0.05404344330995685
2020-05-04,1.974,1.7505014665794196,0.05167855911530439
2020-05-11,2.036,1.7981852179591473,0.05216969050719536
2020-05-18,2.098,1.8865839499203378,0.053480885058917085
2020-05-25,2.129,1.893521232747316,0.05101386874428955
2020-06-01,2.174,2.0072457045877656,0.056986875627609526
2020-06-08,2.177,1.9820517364444505,0.054715188604627
2020-06-15,2.195,2.0717128824337885,0.0543948754431268
2020-06-22,2.186,2.133814295350796,0.05549491564491776
2020-06-29,2.175,2.146907344130783,0.0519190799025016
2020-07-06,2.176,2.2000251750084376,0.05066257013786086
2020-07-13,2.166,2.1787324648151927,0.04924624310464
2020-07-20,2.166,2.2054062106849646,0.04788111960969592
2020-07-27,2.182,2.180793954643816,0.046583883380453175
2020-08-03,2.222,2.168610593572888,0.045439747761994866
2020-08-10,2.211,2.1765802543926904,0.04379825628572598
2020-08-17,2.183,2.1601969857767616,0.042426697084706366
2020-08-24,2.168,2.166,0.04130906003348358
2020-08-31,2.169,2.191287505087332,0.041167781026601624
2020-09-07,2.172,2.245257764546563,0.042087372592914465
2020-09-14,2.167,2.204614941722231,0.04471221429064917
2020-09-21,2.15,2.1667086402012563,0.04326118159332976
2020-09-28,2.143,2.1593007013522576,0.04311492312153238
2020-10-05,2.112,2.169582175239017,0.043343659626800854
2020-10-12,2.096,2.1737474072776526,0.04243126646359461
2020-10-19,2.111,2.1640878018712186,0.04186253201995837
2020-10-26,2.102,2.1400883553669434,0.04138575425035821
2020-11-02,2.12,2.138916682312109,0.04175677803542251
2020-11-09,2.156,2.093892135748145,0.04326249985808906
2020-11-16,2.158,2.0866568670797463,0.04239501394588201
2020-11-23,2.224,2.1197806704314637,0.043167841474246404
2020-11-30,2.243,2.096706992541308,0.044244154924176986
2020-12-07,2.249,2.1305864405620185,0.04514051745349117
2020-12-14,2.317,2.1771817112719885,0.045932481152050134
2020-12-21,2.379,2.1591781902751066,0.046375062117048935
2020-12-28,2.392,2.262879191362214,0.04673010966454361
2021-01-04,2.409,2.25417238384844,0.05290506589770847
2021-01-11,2.461,2.252527864323187,0.050919184893703145
2021-01-18,2.501,2.3570064797674064,0.057298433239542125
2021-01-25,2.633,2.415562572138587,0.04618738845187506
2021-02-01,2.711,2.399655057533079,0.054116945208741975
2021-02-08,2.771,2.4190074572759532,0.052152426874633874
2021-02-15,2.853,2.4921528451638935,0.05440601101878758
2021-02-22,2.865,2.524492528932657,0.05444133792287368
2021-03-01,2.852,2.7104574485956716,0.11528114885743819
2021-03-08,2.857,2.756868217896091,0.05806158435045365
2021-03-15,2.849,2.8063434561978116,0.06526321551819811
2021-03-22,2.855,2.901333971952328,0.05299617126668814
2021-03-29,2.872,2.8720494974448716,0.06538448133254489
2021-04-05,2.89,2.844408744413129,0.06397367244079037
2021-04-12,2.961,2.8599182226366646,0.04975403167766711
2021-04-19,3.028,2.8443452077542646,0.05957645869708535
2021-04-26,3.02,2.8585094031031604,0.06031809481151882
2021-05-03,3.027,2.881944565417109,0.053467157997033526
2021-05-10,3.035,2.9006071190741265,0.05818474991312369
2021-05-17,3.069,3.0026347278415275,0.05149723300308892
2021-05-24,3.06,3.067442087801045,0.06057550572814885
2021-05-31,3.091,3.015315722480198,0.05434340342473402
2021-06-07,3.122,3.0310901656090867,0.048449284482923106
2021-06-14,3.133,3.0396580955336674,0.056975292156053715
2021-06-21,3.153,3.088910920330629,0.05513729263049569
2021-06-28,3.136,3.0547387092372484,0.05613158685181468
2021-07-05,3.159,3.1091066792960698,0.05770985003724298
2021-07-12,3.172,3.140123800145391,0.05680686794807798
2021-07-19,3.174,3.1394287552308273,0.05569693744268628
2021-07-26,3.145,3.164699579359162,0.05490873850363175
2021-08-02,3.139,3.126087780986421,0.05508842066497354
2021-08-09,3.176,3.1724234475534963,0.054945389462117945
2021-08-16,3.165,3.1796014644668364,0.05362492873307438
2021-08-23,3.184,3.175167836874616,0.05315062618323364
2021-08-30,3.175,3.1280229766832757,0.054501255702126265
2021-09-06,3.19,3.1354923820417273,0.05338440931179643
2021-09-13,3.267,3.1975200302195903,0.05524601036955526
2021-09-20,3.322,3.1586316677949355,0.05475014881799931
2021-09-27,3.383,3.1950287596830638,0.05364028754853902
2021-10-04,3.39,3.1697705688667055,0.052852171536567696
2021-10-11,3.41,3.198748741012896,0.052905140436613464
2021-10-18,3.399,3.3119736649450817,0.060184776292823906
2021-10-25,3.395,3.354148931321667,0.057439409922991444
2021-11-01,3.38,3.418775227236537,0.0566727174239519
2021-11-08,3.341,3.3941004646488238,0.05624575084691792
2021-11-15,3.315,3.4216938044383216,0.054052404498219096
2021-11-22,3.295,3.392562212690171,0.05260229460666087
2021-11-29,3.275,3.3926587418320477,0.05081176635792161
2021-12-06,3.281,3.3712223491931397,0.04996446037567477
2021-12-13,3.295,3.3180491183967877,0.05009259868609684
2021-12-20,3.306,3.2997117453213085,0.04921186661219919
2021-12-27,3.323,3.2832776333378266,0.048696957100298414
2022-01-03,3.368,3.2632202766878704,0.047678703694357366
2022-01-10,3.444,3.2845324735772907,0.049267258027637734
2022-01-17,3.487,3.3032443618318963,0.048772870352293364
2022-01-24,3.53,3.312471866197563,0.048850585392682944
2022-01-31,3.608,3.33299405778331,0.04928469121738775
2022-02-07,4.102,3.394409692726186,0.0519289722201766
2022-02-14,4.315,3.488903540702762,0.04969085162959362
2022-02-21,4.239,3.512110544440339,0.05132369243866151
2022-02-28,4.231,3.555154314434221,0.05670294739679809
2022-03-07,4.17,3.6537383586759447,0.05965555475468286
2022-03-14,4.091,4.405763966458959,0.2071324229948919
2022-03-21,4.066,4.4393564813362625,0.16504432420486922
2022-03-28,4.107,4.196810661657093,0.19038949334471444
2022-04-04,4.182,4.22657323529757,0.1707850711828073
2022-04-11,4.328,4.1362570861320345,0.15474767394597852
2022-04-18,4.491,4.047184052520521,0.14024235800433857
2022-04-25,4.593,4.052171207894903,0.1263755534303591
2022-05-02,4.624,4.1296260249969245,0.06438458373036926
2022-05-09,4.876,4.223462751902793,0.10821517013529705
2022-05-16,5.006,4.409393387969349,0.10862517200308894
2022-05-23,4.962,4.583003280979996,0.1050802536640606
2022-05-30,4.872,4.650647603195639,0.06799659095145809
2022-06-06,4.771,4.641452577450824,0.08833506331144646
2022-06-13,4.646,5.018590360360961,0.21530685225208998
2022-06-20,4.49,5.079090774095501,0.06825839073734882
2022-06-27,4.33,4.937455744810024,0.124991681552015
2022-07-04,4.192,4.821588865837266,0.16400139648084966
2022-07-11,4.038,4.71420019859498,0.10333039252198295
2022-07-18,3.938,4.575048041879251,0.08913954668010682
2022-07-25,3.88,4.3997479010634954,0.08691824330482645
2022-08-01,3.827,4.237206596548518,0.10929514597079243
2022-08-08,3.746,4.111230221923908,0.08991018670336214
2022-08-15,3.69,3.946976203554556,0.08897929449293157
2022-08-22,3.654,3.8789027914442626,0.07174320855677539
2022-08-29,3.711,3.8456462278688495,0.07598656381810878
2022-09-05,3.782,3.795577739895445,0.07287677329768741
2022-09-12,3.912,3.6977493872597598,0.05574601966401183
2022-09-19,3.871,3.6614038794049875,0.06866652031914385
2022-09-26,3.769,3.63250194069172,0.06201040686440911
2022-10-03,3.742,3.745034053923508,0.07207291093708308
2022-10-10,3.796,3.824685496621395,0.07006096127509687
2022-10-17,3.762,3.9900821290117356,0.07333461033414644
2022-10-24,3.648,3.846915589480286,0.08781496423678856
2022-10-31,3.534,3.708884004514672,0.08744997044565554
2022-11-07,3.39,3.7261365911958246,0.08012429668157917
2022-11-14,3.239,3.8276797904724624,0.08166842452672515
2022-11-21,3.12,3.742116192538617,0.08086855835729821
2022-11-28,3.091,3.5811747691536095,0.08543762767086724
2022-12-05,3.223,3.467023359982816,0.0757259336273998
2022-12-12,3.259,3.3110636779923146,0.08019701356874202
2022-12-19,3.31,3.148231313943959,0.07944653573123406
2022-12-26,3.415,3.0481155979694536,0.0746870433604197
2023-01-02,3.489,3.0735648881633915,0.0717123803946253
2023-01-09,3.444,3.302036774140687,0.09531478420111689
2023-01-16,3.39,3.2804337715846446,0.0850307671840977
2023-01-23,3.379,3.340708318283887,0.08292479753334292
2023-01-30,3.342,3.4775841100847003,0.08424310009713747
2023-02-06,3.389,3.529684691187399,0.3133848071042499
2023-02-13,3.456,3.415069876682354,0.08350276963888939
2023-02-20,3.422,3.3661071666315254,0.07855485281634648
2023-02-27,3.421,3.3745895505045627,0.07074658019696436
2023-03-06,3.497,3.3164571800862386,0.05415885911962214
2023-03-13,3.596,3.4223022758727493,0.07406184888224296
2023-03-20,3.663,3.4900540921041183,0.057231989224124306
2023-03-27,3.656,3.3967427358106574,0.07315358839541591
2023-04-03,3.6,3.4290569201681445,0.06940055150358225
2023-04-10,3.533,3.5422402938831814,0.0706661730883803
2023-04-17,3.536,3.6512428042553324,0.07086329454568804
2023-04-24,3.534,3.7001512867250232,0.06512833747953198
2023-05-01,3.571,3.6519767027635037,0.06669744378018588
2023-05-08,3.541,3.571164157585601,0.067761656311498
2023-05-15,3.595,3.4962825014938392,0.04733771096161742
2023-05-22,3.577,3.542361455094586,0.06584750772583056
2023-05-29,3.571,3.5272031667642163,0.03275067557485345
2023-06-05,3.527,3.595804296240297,0.060606486387495
2023-06-12,3.546,3.5163023260620854,0.06527423787336892
2023-06-19,3.559,3.6361119322694853,0.07107105925534149
2023-06-26,3.596,3.566374330720098,0.06823001205311056
2023-07-03,3.757,3.5674198308283263,0.0582930230473818
2023-07-10,3.828,3.50084628044007,0.06487228121609195
2023-07-17,3.85,3.5573007797171856,0.06288214589263566
2023-07-24,3.868,3.5667343214815235,0.04987371640085185
2023-07-31,3.813,3.6180026409329993,0.061424500950246694
2023-08-07,3.807,3.8534162613838894,0.21526560420038462
2023-08-14,3.822,3.870359588287982,0.07954804994966179
2023-08-21,3.878,3.8631063582137393,0.07409043943818182
2023-08-28,3.837,3.8787551933358624,0.06989555852734637
2023-09-04,3.798,3.780191191969509,0.07213232926545146
2023-09-11,3.684,3.8034295985418285,0.06246591998437216
2023-09-18,3.576,3.8309079735718505,0.0648171279882368
2023-09-25,3.533,3.911242440111333,0.06473217083298076
2023-10-02,3.473,3.812729056674017,0.062071699689723585
2023-10-09,3.396,3.7748958583625356,0.06130817687473834
2023-10-16,3.349,3.6162109662829116,0.07322721435542914
2023-10-23,3.289,3.5114612266600482,0.06991124118270518
2023-10-30,3.238,3.507396764822808,0.06080013373846997
2023-11-06,3.231,3.43706563056154,0.06305788989088872
2023-11-13,3.136,3.34984187550388,0.05927448568034453
2023-11-20,3.053,3.3206975846150346,0.059673683443780975
2023-11-27,3.116,3.252812892382863,0.05481911912627609
2023-12-04,3.089,3.2072182288302558,0.055845600813789864
2023-12-11,3.073,3.2267739259648494,0.05473009224422129
2023-12-18,3.058,3.078681163634028,0.06643223859506876
2023-12-25,3.062,3.0027128778794006,0.06370119372773182
2024-01-01,3.095,3.153844096579165,0.11478398071528927
2024-01-08,3.136,3.072843712141425,0.07845440451018916
2024-01-15,3.192,3.063421164426508,0.07245622679542887
2024-01-22,3.269,3.0490191472473214,0.06740235150264244
2024-01-29,3.249,3.064394590572736,0.06358483880792587
2024-02-05,3.35,3.1147388843856367,0.060820877282063486
2024-02-12,3.376,3.1605054089870985,0.03982205818294833
2024-02-19,3.453,3.225517027638652,0.058412051980961596
2024-02-26,3.523,3.315171205852775,0.06120256602384026
2024-03-04,3.517,3.2370689087881264,0.07222728637753131
2024-03-11,3.591,3.4101633926165253,0.07482800915236958
2024-03-18,3.628,3.391437812387809,0.07647417351769607
2024-03-25,3.668,3.4987879890487106,0.07703711776499046
2024-04-01,3.653,3.5646674316468583,0.05481921836467812
2024-04-08,3.643,3.513439261867976,0.07182952825870575
2024-04-15,3.608,3.634882848309838,0.05660103778693049
2024-04-22,3.584,3.6499593837686692,0.06805050398971901
2024-04-29,3.577,3.691755120200263,0.0681580895340336
2024-05-06,3.516,3.644103591666178,0.06679371754662096
2024-05-13,3.429,3.6370687959611496,0.06350908059979797
2024-05-20,3.435,3.5872370902012998,0.06238299843829324
2024-05-27,3.438,3.5697557991167916,0.0601969073612882
2024-06-03,3.479,3.572844796589315,0.058174788064269976
2024-06-10,3.489,3.479781532011082,0.062150607922638025
2024-06-17,3.496,3.377189371853723,0.06414531378403684
2024-06-24,3.471,3.4385568951833134,0.06526647606110764
2024-07-01,3.484,3.4397772834595775,0.05303913273257557
2024-07-08,3.448,3.503276430085183,0.06284851299367636
2024-07-15,3.414,3.494911327062499,0.06018390456507376
2024-07-22,3.382,3.5001395849083257,0.057470154989003576
2024-07-29,3.313,3.4562171658236447,0.04322540027844903
2024-08-05,3.289,3.4916802967561,0.05647420913971848
2024-08-12,3.236,3.4267415764570464,0.05249046033966363
2024-08-19,3.18,3.3939090119591686,0.0559309628143856
2024-08-26,3.185,3.3630834130133493,0.054553449018412935
2024-09-02,3.179,3.2721549870821107,0.07679907866030886
2024-09-09,3.136,3.2748245370168982,0.050619760155305976
2024-09-16,3.171,3.2046165714108383,0.05543485989383437
2024-09-23,3.144,3.1467990911880195,0.05501326421048021
2024-09-30,3.097,3.1879498117691156,0.05548712161328411
2024-10-07,3.069,3.1754701464139483,0.052692890341011565
2024-10-14,3.052,3.110723258754173,0.052844525876688676
2024-10-21,3.046,3.191493815708625,0.05728815257637296
2024-10-28,3.044,3.128228946246703,0.05767561012415982
2024-11-04,3.034,3.0695472359187796,0.055779666146676926
2024-11-11,3.008,3.0526774457511925,0.05250408847860007
2024-11-18,3.016,3.04209001284945,0.04943395592049384
2024-11-25,3.024,3.042513006020298,0.047072578777255486
2024-12-02,3.006,3.042837274388065,0.03226826226604213
2024-12-09,3.047,3.0282176840443316,0.030452467152866737
2024-12-16,3.043,2.9931631617791896,0.040058498203837174
2024-12-23,3.109,3.0205504273775876,0.04309727513717314
2024-12-30,3.103,3.028540265122041,0.03645964239320877
2025-01-06,3.082,2.995809644259121,0.03724196388854608
2025-01-13,3.128,3.0702227911538444,0.05587904156058973
2025-01-20,3.148,3.0407350783994262,0.04311274075083049
2025-01-27,3.125,3.14651428591946,0.0544568472912588
2025-02-03,3.078,3.099628122293234,0.05015342380805708
2025-02-10,3.069,3.0702085721411225,0.04890706900340711
2025-02-17,3.058,3.153875519938557,0.052518807905014966
2025-02-24,3.115,3.1592464720567,0.047840979522851074
2025-03-03,3.162,3.1120678782126787,0.05039679141308057
2025-03-10,3.243,3.0515304441352917,0.04939622837931268
2025-03-17,3.168,3.0639354328076283,0.047509096279314156
2025-03-24,3.141,3.051811356449828,0.045118887593025084
2025-03-31,3.133,3.147062401115312,0.051524181380915496
2025-04-07,3.147,3.1884716820612247,0.04898211444991473
2025-04-14,3.12,3.2885910500654263,0.05326261825919307
2025-04-21,3.173,3.126385379378635,0.07337832864966658
2025-04-28,3.16,3.1259987448865894,0.06809880736690639
2025-05-05,3.127,3.128560864826235,0.059916520537061715
2025-05-12,3.108,3.1547670157187833,0.059163829071823354
2025-05-19,3.139,3.1050234081789494,0.05791652155945131
2025-05-26,3.213,3.2023421399847685,0.06261477955026036
2025-06-02,3.164,3.152819923845812,0.06112607897343277
2025-06-09,3.125,3.108710434143016,0.05867204266640475
2025-06-16,3.13,3.09746893724013,0.05483881179151664
2025-06-23,3.121,3.1561675589540337,0.05525447990298983
2025-06-30,3.123,3.2540726687066286,0.05813257065092385
2025-07-07,3.14,3.136929698682057,0.06786277459416902
2025-07-14,3.118,3.103469563453437,0.06274421194726545
2025-07-21,3.125,3.1327532082901564,0.05924891659765738
2025-07-28,3.147,3.1160531336273696,0.05513575321534775
2025-08-04,3.177,3.1241076723580736,0.051533644721191846
2025-08-11,3.192,3.1495262931989165,0.05029484817412998
2025-08-18,3.168,3.105669868773077,0.04635883310550078
2025-08-25,3.173,3.1288903184981303,0.04643470185517931
2025-09-01,3.118,3.159207786612458,0.044022761179004354
2025-09-08,3.124,3.193638852196186,0.03979404720211538
2025-09-15,3.061,3.2003283191524137,0.03167825150690998
2025-09-22,3.019,3.1546817598529944,0.04158737846644039
